disease,increase,loc,number,population,year
MEASLES,334.98999999999995,ALABAMA,8843,2640000,1928
MEASLES,200.75000000000003,ARIZONA,847,422000,1928
MEASLES,481.7700000000002,ARKANSAS,8899,1847000,1928
MEASLES,69.22,CALIFORNIA,3698,5344000,1928
MEASLES,206.97999999999996,COLORADO,2099,1014000,1928
MEASLES,634.9500000000002,CONNECTICUT,10014,1577000,1928
MEASLES,256.02000000000004,DELAWARE,597,233000,1928
MEASLES,535.6300000000001,DISTRICT OF COLUMBIA,2566,479000,1928
MEASLES,119.57999999999998,FLORIDA,1714,1433000,1928
MEASLES,159.73,GEORGIA,4637,2903000,1928
MEASLES,19.590000000000003,IDAHO,88,449000,1928
MEASLES,98.23999999999997,ILLINOIS,7444,7576000,1928
MEASLES,263.6700000000001,INDIANA,8470,3212000,1928
MEASLES,28.629999999999995,IOWA,702,2450000,1928
MEASLES,136.92000000000007,KANSAS,2533,1850000,1928
MEASLES,216.26,KENTUCKY,5551,2567000,1928
MEASLES,260.33,LOUISIANA,5373,2064000,1928
MEASLES,401.96,MAINE,3204,797000,1928
MEASLES,1089.3899999999992,MARYLAND,17539,1610000,1928
MEASLES,981.0599999999996,MASSACHUSETTS,41371,4217000,1928
MEASLES,547.5499999999998,MICHIGAN,25544,4665000,1928
MEASLES,79.13000000000001,MINNESOTA,2052,2592000,1928
MEASLES,0.0,MISSISSIPPI,0,1981000,1928
MEASLES,198.6300000000001,MISSOURI,7154,3601000,1928
MEASLES,139.85999999999999,MONTANA,757,541000,1928
MEASLES,78.95,NEBRASKA,1083,1371000,1928
MEASLES,272.15000000000003,NEW HAMPSHIRE,1274,468000,1928
MEASLES,797.1400000000001,NEW JERSEY,31631,3968000,1928
MEASLES,663.4100000000003,NEW MEXICO,2760,416000,1928
MEASLES,649.9699999999998,NEW YORK,75391,11599000,1928
MEASLES,1823.69,NORTH CAROLINA,56207,3082000,1928
MEASLES,55.73,NORTH DAKOTA,371,665000,1928
MEASLES,355.92,OHIO,23522,6608000,1928
MEASLES,268.70999999999964,OKLAHOMA,6298,2344000,1928
MEASLES,223.08999999999995,OREGON,2089,936000,1928
MEASLES,583.9500000000002,PENNSYLVANIA,57237,9802000,1928
MEASLES,735.3200000000002,RHODE ISLAND,4986,678000,1928
MEASLES,1138.49,SOUTH CAROLINA,19798,1739000,1928
MEASLES,160.16000000000003,SOUTH DAKOTA,1097,685000,1928
MEASLES,315.43,TENNESSEE,8276,2624000,1928
MEASLES,97.35000000000002,TEXAS,5524,5675000,1928
MEASLES,16.82999999999999,UTAH,85,504000,1928
MEASLES,334.7999999999998,VERMONT,1199,358000,1928
MEASLES,344.82,WASHINGTON,5348,1551000,1928
MEASLES,195.98000000000002,WEST VIRGINIA,3323,1696000,1928
MEASLES,124.61000000000003,WISCONSIN,3642,2923000,1928
MEASLES,227.0,WYOMING,500,220000,1928
POLIO,2.39,ALABAMA,62,2640000,1928
POLIO,2.6099999999999994,ARIZONA,11,422000,1928
POLIO,0.52,ARKANSAS,10,1847000,1928
POLIO,5.04,CALIFORNIA,272,5344000,1928
POLIO,7.040000000000001,COLORADO,71,1014000,1928
POLIO,4.529999999999999,CONNECTICUT,72,1577000,1928
POLIO,3.4400000000000004,DELAWARE,8,233000,1928
POLIO,6.92,DISTRICT OF COLUMBIA,33,479000,1928
POLIO,1.4700000000000004,FLORIDA,21,1433000,1928
POLIO,0.38,GEORGIA,12,2903000,1928
POLIO,8.68,IDAHO,39,449000,1928
POLIO,1.4900000000000007,ILLINOIS,114,7576000,1928
POLIO,0.9400000000000002,INDIANA,31,3212000,1928
POLIO,1.3600000000000003,IOWA,34,2450000,1928
POLIO,2.4399999999999995,KANSAS,46,1850000,1928
POLIO,1.9000000000000008,KENTUCKY,48,2567000,1928
POLIO,0.6,LOUISIANA,12,2064000,1928
POLIO,6.089999999999999,MAINE,48,797000,1928
POLIO,18.16,MARYLAND,293,1610000,1928
POLIO,8.680000000000003,MASSACHUSETTS,369,4217000,1928
POLIO,1.5400000000000005,MICHIGAN,75,4665000,1928
POLIO,7.779999999999999,MINNESOTA,201,2592000,1928
POLIO,1.5500000000000003,MISSISSIPPI,31,1981000,1928
POLIO,0.7500000000000002,MISSOURI,25,3601000,1928
POLIO,11.58,MONTANA,63,541000,1928
POLIO,2.7499999999999996,NEBRASKA,38,1371000,1928
POLIO,4.470000000000001,NEW HAMPSHIRE,21,468000,1928
POLIO,2.34,NEW JERSEY,89,3968000,1928
POLIO,4.320000000000001,NEW MEXICO,18,416000,1928
POLIO,8.159999999999998,NEW YORK,947,11599000,1928
POLIO,1.4800000000000004,NORTH CAROLINA,48,3082000,1928
POLIO,20.409999999999993,NORTH DAKOTA,136,665000,1928
POLIO,4.26,OHIO,276,6608000,1928
POLIO,1.5500000000000003,OKLAHOMA,37,2344000,1928
POLIO,9.850000000000001,OREGON,92,936000,1928
POLIO,2.18,PENNSYLVANIA,217,9802000,1928
POLIO,1.63,RHODE ISLAND,11,678000,1928
POLIO,5.149999999999999,SOUTH CAROLINA,88,1739000,1928
POLIO,6.44,SOUTH DAKOTA,44,685000,1928
POLIO,1.3,TENNESSEE,33,2624000,1928
POLIO,0.7000000000000002,TEXAS,38,5675000,1928
POLIO,1.7999999999999998,UTAH,9,504000,1928
POLIO,7.28,VERMONT,26,358000,1928
POLIO,0.6,VIRGINIA,15,2435000,1928
POLIO,20.750000000000007,WASHINGTON,322,1551000,1928
POLIO,11.49,WEST VIRGINIA,194,1696000,1928
POLIO,1.6300000000000008,WISCONSIN,50,2923000,1928
POLIO,2.7100000000000004,WYOMING,6,220000,1928
SMALLPOX,12.959999999999999,ALABAMA,341,2640000,1928
SMALLPOX,97.15999999999998,ARIZONA,410,422000,1928
SMALLPOX,13.400000000000002,ARKANSAS,248,1847000,1928
SMALLPOX,18.5,CALIFORNIA,990,5344000,1928
SMALLPOX,33.57999999999999,COLORADO,340,1014000,1928
SMALLPOX,10.190000000000001,CONNECTICUT,161,1577000,1928
SMALLPOX,0.86,DELAWARE,2,233000,1928
SMALLPOX,2.1,DISTRICT OF COLUMBIA,10,479000,1928
SMALLPOX,10.990000000000006,FLORIDA,157,1433000,1928
SMALLPOX,0.52,GEORGIA,15,2903000,1928
SMALLPOX,80.87000000000005,IDAHO,363,449000,1928
SMALLPOX,23.52,ILLINOIS,1782,7576000,1928
SMALLPOX,106.93000000000002,INDIANA,3434,3212000,1928
SMALLPOX,67.39999999999999,IOWA,1651,2450000,1928
SMALLPOX,133.71999999999997,KANSAS,2474,1850000,1928
SMALLPOX,28.719999999999988,KENTUCKY,737,2567000,1928
SMALLPOX,31.310000000000006,LOUISIANA,646,2064000,1928
SMALLPOX,11.93,MAINE,95,797000,1928
SMALLPOX,1.17,MARYLAND,19,1610000,1928
SMALLPOX,0.19999999999999998,MASSACHUSETTS,9,4217000,1928
SMALLPOX,27.53,MICHIGAN,1285,4665000,1928
SMALLPOX,4.330000000000002,MINNESOTA,111,2592000,1928
SMALLPOX,6.629999999999998,MISSISSIPPI,132,1981000,1928
SMALLPOX,40.62000000000001,MISSOURI,1462,3601000,1928
SMALLPOX,156.37,MONTANA,846,541000,1928
SMALLPOX,107.08,NEBRASKA,1468,1371000,1928
SMALLPOX,0.0,NEVADA,0,89000,1928
SMALLPOX,0.21,NEW HAMPSHIRE,1,468000,1928
SMALLPOX,2.329999999999999,NEW JERSEY,91,3968000,1928
SMALLPOX,18.479999999999997,NEW MEXICO,77,416000,1928
SMALLPOX,1.6300000000000006,NEW YORK,188,11599000,1928
SMALLPOX,77.91999999999999,NORTH CAROLINA,2402,3082000,1928
SMALLPOX,12.450000000000001,NORTH DAKOTA,83,665000,1928
SMALLPOX,16.900000000000006,OHIO,1115,6608000,1928
SMALLPOX,167.11,OKLAHOMA,3917,2344000,1928
SMALLPOX,204.18999999999997,OREGON,1911,936000,1928
SMALLPOX,0.75,PENNSYLVANIA,74,9802000,1928
SMALLPOX,0.0,RHODE ISLAND,0,678000,1928
SMALLPOX,16.71,SOUTH CAROLINA,290,1739000,1928
SMALLPOX,51.119999999999976,SOUTH DAKOTA,350,685000,1928
SMALLPOX,25.809999999999985,TENNESSEE,677,2624000,1928
SMALLPOX,31.59000000000001,TEXAS,1793,5675000,1928
SMALLPOX,82.15000000000003,UTAH,414,504000,1928
SMALLPOX,2.8000000000000007,VERMONT,10,358000,1928
SMALLPOX,0.08,VIRGINIA,2,2435000,1928
SMALLPOX,103.09,WASHINGTON,1599,1551000,1928
SMALLPOX,76.63000000000004,WEST VIRGINIA,1300,1696000,1928
SMALLPOX,28.320000000000014,WISCONSIN,827,2923000,1928
SMALLPOX,73.10000000000002,WYOMING,161,220000,1928
MEASLES,111.93000000000004,ALABAMA,2959,2644000,1929
MEASLES,54.87999999999996,ARIZONA,236,430000,1929
MEASLES,67.21999999999996,ARKANSAS,1245,1852000,1929
MEASLES,72.8,CALIFORNIA,4024,5531000,1929
MEASLES,74.24,COLORADO,748,1008000,1929
MEASLES,614.82,CONNECTICUT,9800,1594000,1929
MEASLES,239.81999999999988,DELAWARE,566,236000,1929
MEASLES,94.19999999999993,DISTRICT OF COLUMBIA,455,483000,1929
MEASLES,78.00999999999996,FLORIDA,1127,1445000,1929
MEASLES,40.63,GEORGIA,1180,2903000,1929
MEASLES,160.37,IDAHO,717,447000,1929
MEASLES,506.1800000000002,ILLINOIS,38503,7606000,1929
MEASLES,322.0999999999998,INDIANA,10391,3226000,1929
MEASLES,82.94999999999999,IOWA,2041,2460000,1929
MEASLES,555.4399999999999,KANSAS,10370,1867000,1929
MEASLES,43.17,KENTUCKY,1125,2606000,1929
MEASLES,88.78999999999999,LOUISIANA,1853,2086000,1929
MEASLES,719.1699999999997,MAINE,5732,797000,1929
MEASLES,126.04000000000005,MARYLAND,2043,1621000,1929
MEASLES,351.4200000000001,MASSACHUSETTS,14861,4229000,1929
MEASLES,376.45999999999987,MICHIGAN,18052,4795000,1929
MEASLES,492.36000000000007,MINNESOTA,12663,2572000,1929
MEASLES,183.46000000000015,MISSOURI,6644,3622000,1929
MEASLES,817.7600000000001,MONTANA,4285,524000,1929
MEASLES,303.0299999999999,NEBRASKA,4166,1375000,1929
MEASLES,344.5299999999998,NEW HAMPSHIRE,1609,467000,1929
MEASLES,181.85999999999993,NEW JERSEY,7253,3989000,1929
MEASLES,54.780000000000015,NEW MEXICO,230,420000,1929
MEASLES,249.08999999999997,NEW YORK,30318,12171000,1929
MEASLES,38.49000000000002,NORTH CAROLINA,1207,3133000,1929
MEASLES,339.19,NORTH DAKOTA,2286,674000,1929
MEASLES,561.14,OHIO,37181,6626000,1929
MEASLES,46.190000000000005,OKLAHOMA,1095,2372000,1929
MEASLES,492.32000000000005,OREGON,4662,947000,1929
MEASLES,489.5599999999998,PENNSYLVANIA,47605,9723000,1929
MEASLES,270.62,RHODE ISLAND,1851,684000,1929
MEASLES,12.200000000000003,SOUTH CAROLINA,211,1739000,1929
MEASLES,167.76999999999992,SOUTH DAKOTA,1158,690000,1929
MEASLES,33.03999999999999,TENNESSEE,860,2604000,1929
MEASLES,71.27999999999997,TEXAS,4107,5762000,1929
MEASLES,68.89999999999999,UTAH,350,508000,1929
MEASLES,105.31000000000003,VERMONT,378,359000,1929
MEASLES,248.60000000000002,WASHINGTON,3866,1555000,1929
MEASLES,380.14,WEST VIRGINIA,6527,1717000,1929
MEASLES,1016.54,WISCONSIN,29825,2934000,1929
MEASLES,312.15999999999985,WYOMING,696,223000,1929
POLIO,2.2500000000000004,ALABAMA,58,2644000,1929
POLIO,2.0700000000000003,ARIZONA,9,430000,1929
POLIO,0.2,ARKANSAS,4,1852000,1929
POLIO,2.82,CALIFORNIA,156,5531000,1929
POLIO,1.3,COLORADO,13,1008000,1929
POLIO,1.3200000000000003,CONNECTICUT,21,1594000,1929
POLIO,2.1,DELAWARE,5,236000,1929
POLIO,1.26,DISTRICT OF COLUMBIA,6,483000,1929
POLIO,2.38,FLORIDA,34,1445000,1929
POLIO,0.7800000000000002,GEORGIA,24,2903000,1929
POLIO,1.55,IDAHO,7,447000,1929
POLIO,1.1000000000000003,ILLINOIS,86,7606000,1929
POLIO,0.48,INDIANA,16,3226000,1929
POLIO,3.040000000000001,IOWA,76,2460000,1929
POLIO,1.1400000000000001,KANSAS,22,1867000,1929
POLIO,0.5199999999999999,KENTUCKY,13,2606000,1929
POLIO,0.39,LOUISIANA,8,2086000,1929
POLIO,1.6699999999999995,MAINE,13,797000,1929
POLIO,1.3200000000000003,MARYLAND,22,1621000,1929
POLIO,2.8099999999999996,MASSACHUSETTS,120,4229000,1929
POLIO,3.8000000000000007,MICHIGAN,184,4795000,1929
POLIO,1.2000000000000002,MINNESOTA,30,2572000,1929
POLIO,0.7,MISSISSIPPI,14,1998000,1929
POLIO,0.48,MISSOURI,16,3622000,1929
POLIO,1.3299999999999998,MONTANA,7,524000,1929
POLIO,0.6300000000000001,NEBRASKA,9,1375000,1929
POLIO,1.49,NEW HAMPSHIRE,7,467000,1929
POLIO,1.5900000000000005,NEW JERSEY,59,3989000,1929
POLIO,2.16,NEW MEXICO,9,420000,1929
POLIO,4.3500000000000005,NEW YORK,530,12171000,1929
POLIO,4.25,NORTH CAROLINA,133,3133000,1929
POLIO,2.3999999999999995,NORTH DAKOTA,16,674000,1929
POLIO,2.939999999999999,OHIO,189,6626000,1929
POLIO,0.8,OKLAHOMA,20,2372000,1929
POLIO,3.6899999999999995,OREGON,34,947000,1929
POLIO,1.9800000000000006,PENNSYLVANIA,197,9723000,1929
POLIO,1.6299999999999997,RHODE ISLAND,11,684000,1929
POLIO,4.73,SOUTH CAROLINA,81,1739000,1929
POLIO,0.43,SOUTH DAKOTA,3,690000,1929
POLIO,3.6100000000000008,TENNESSEE,93,2604000,1929
POLIO,0.33000000000000007,TEXAS,18,5762000,1929
POLIO,0.79,UTAH,4,508000,1929
POLIO,5.290000000000001,VERMONT,19,359000,1929
POLIO,9.93,VIRGINIA,241,2425000,1929
POLIO,1.6800000000000002,WASHINGTON,27,1555000,1929
POLIO,3.4100000000000006,WEST VIRGINIA,58,1717000,1929
POLIO,0.6500000000000004,WISCONSIN,21,2934000,1929
POLIO,1.35,WYOMING,3,223000,1929
SMALLPOX,14.33,ALABAMA,378,2644000,1929
SMALLPOX,64.16999999999999,ARIZONA,276,430000,1929
SMALLPOX,10.700000000000003,ARKANSAS,199,1852000,1929
SMALLPOX,36.34999999999998,CALIFORNIA,2009,5531000,1929
SMALLPOX,83.77000000000004,COLORADO,844,1008000,1929
SMALLPOX,2.69,CONNECTICUT,43,1594000,1929
SMALLPOX,0.84,DELAWARE,2,236000,1929
SMALLPOX,0.0,DISTRICT OF COLUMBIA,0,483000,1929
SMALLPOX,2.520000000000001,FLORIDA,36,1445000,1929
SMALLPOX,1.8900000000000001,GEORGIA,55,2903000,1929
SMALLPOX,124.14000000000001,IDAHO,555,447000,1929
SMALLPOX,54.909999999999975,ILLINOIS,4177,7606000,1929
SMALLPOX,107.15,INDIANA,3458,3226000,1929
SMALLPOX,76.63999999999999,IOWA,1885,2460000,1929
SMALLPOX,102.77000000000001,KANSAS,1919,1867000,1929
SMALLPOX,22.170000000000005,KENTUCKY,577,2606000,1929
SMALLPOX,8.770000000000001,LOUISIANA,182,2086000,1929
SMALLPOX,9.3,MAINE,74,797000,1929
SMALLPOX,0.48,MARYLAND,8,1621000,1929
SMALLPOX,1.4800000000000002,MASSACHUSETTS,63,4229000,1929
SMALLPOX,50.480000000000004,MICHIGAN,2421,4795000,1929
SMALLPOX,7.330000000000002,MINNESOTA,188,2572000,1929
SMALLPOX,1.6000000000000008,MISSISSIPPI,32,1998000,1929
SMALLPOX,32.199999999999996,MISSOURI,1166,3622000,1929
SMALLPOX,103.04999999999993,MONTANA,540,524000,1929
SMALLPOX,131.07000000000002,NEBRASKA,1802,1375000,1929
SMALLPOX,2.33,NEW HAMPSHIRE,11,467000,1929
SMALLPOX,0.03,NEW JERSEY,1,3989000,1929
SMALLPOX,19.099999999999998,NEW MEXICO,80,420000,1929
SMALLPOX,2.3799999999999994,NEW YORK,289,12171000,1929
SMALLPOX,18.570000000000007,NORTH CAROLINA,583,3133000,1929
SMALLPOX,53.3,NORTH DAKOTA,359,674000,1929
SMALLPOX,44.78,OHIO,2968,6626000,1929
SMALLPOX,86.78,OKLAHOMA,2059,2372000,1929
SMALLPOX,121.77999999999999,OREGON,1153,947000,1929
SMALLPOX,0.52,PENNSYLVANIA,52,9723000,1929
SMALLPOX,0.0,RHODE ISLAND,0,684000,1929
SMALLPOX,6.3199999999999985,SOUTH CAROLINA,109,1739000,1929
SMALLPOX,158.61999999999995,SOUTH DAKOTA,1095,690000,1929
SMALLPOX,9.490000000000004,TENNESSEE,246,2604000,1929
SMALLPOX,42.379999999999995,TEXAS,2442,5762000,1929
SMALLPOX,32.67,UTAH,166,508000,1929
SMALLPOX,38.72000000000002,VERMONT,139,359000,1929
SMALLPOX,2.6,VIRGINIA,63,2425000,1929
SMALLPOX,132.89999999999998,WASHINGTON,2067,1555000,1929
SMALLPOX,35.089999999999996,WEST VIRGINIA,603,1717000,1929
SMALLPOX,23.179999999999993,WISCONSIN,681,2934000,1929
SMALLPOX,149.80999999999997,WYOMING,334,223000,1929
MEASLES,157.00000000000006,ALABAMA,4156,2647000,1930
MEASLES,466.30999999999983,ARIZONA,2024,434000,1930
MEASLES,53.43999999999998,ARKANSAS,994,1859000,1930
MEASLES,760.2399999999997,CALIFORNIA,43416,5711000,1930
MEASLES,1132.7600000000007,COLORADO,11781,1040000,1930
MEASLES,112.22999999999999,CONNECTICUT,1810,1613000,1930
MEASLES,109.25000000000007,DELAWARE,261,239000,1930
MEASLES,182.10000000000002,DISTRICT OF COLUMBIA,889,488000,1930
MEASLES,356.58999999999975,FLORIDA,5245,1471000,1930
MEASLES,153.20999999999995,GEORGIA,4459,2910000,1930
MEASLES,196.65999999999988,IDAHO,879,447000,1930
MEASLES,216.06999999999996,ILLINOIS,16517,7644000,1930
MEASLES,120.73000000000003,INDIANA,3915,3242000,1930
MEASLES,395.59000000000003,IOWA,9791,2475000,1930
MEASLES,666.7099999999998,KANSAS,12555,1883000,1930
MEASLES,70.14999999999999,KENTUCKY,1841,2623000,1930
MEASLES,86.28999999999996,LOUISIANA,1816,2105000,1930
MEASLES,198.88,MAINE,1591,800000,1930
MEASLES,73.89,MARYLAND,1209,1636000,1930
MEASLES,630.29,MASSACHUSETTS,26787,4250000,1930
MEASLES,583.6200000000001,MICHIGAN,28213,4834000,1930
MEASLES,218.99000000000012,MINNESOTA,5641,2576000,1930
MEASLES,149.81000000000003,MISSOURI,5462,3646000,1930
MEASLES,117.52000000000001,MONTANA,633,539000,1930
MEASLES,745.32,NEBRASKA,10286,1380000,1930
MEASLES,126.38000000000004,NEW HAMPSHIRE,589,466000,1930
MEASLES,602.8700000000001,NEW JERSEY,24525,4068000,1930
MEASLES,529.2299999999999,NEW MEXICO,2260,427000,1930
MEASLES,315.3899999999999,NEW YORK,39887,12647000,1930
MEASLES,41.17,NORTH CAROLINA,1304,3167000,1930
MEASLES,117.00000000000001,NORTH DAKOTA,798,682000,1930
MEASLES,277.6000000000001,OHIO,18488,6662000,1930
MEASLES,164.92999999999995,OKLAHOMA,3960,2401000,1930
MEASLES,276.3599999999999,OREGON,2642,956000,1930
MEASLES,356.56,PENNSYLVANIA,34404,9649000,1930
MEASLES,39.22999999999999,RHODE ISLAND,269,686000,1930
MEASLES,14.450000000000001,SOUTH CAROLINA,252,1745000,1930
MEASLES,346.3100000000002,SOUTH DAKOTA,2400,693000,1930
MEASLES,179.91000000000008,TENNESSEE,4712,2619000,1930
MEASLES,73.12,TEXAS,4275,5844000,1930
MEASLES,1044.7900000000009,UTAH,5318,509000,1930
MEASLES,236.69000000000003,VERMONT,852,360000,1930
MEASLES,631.64,WASHINGTON,9904,1568000,1930
MEASLES,157.70000000000002,WEST VIRGINIA,2733,1733000,1930
MEASLES,748.5800000000002,WISCONSIN,22082,2950000,1930
MEASLES,341.54999999999995,WYOMING,772,226000,1930
POLIO,2.5700000000000003,ALABAMA,67,2647000,1930
POLIO,7.360000000000004,ARIZONA,32,434000,1930
POLIO,4.25,ARKANSAS,79,1859000,1930
POLIO,30.710000000000008,CALIFORNIA,1753,5711000,1930
POLIO,6.250000000000001,COLORADO,65,1040000,1930
POLIO,4.57,CONNECTICUT,74,1613000,1930
POLIO,2.52,DELAWARE,6,239000,1930
POLIO,1.7999999999999998,DISTRICT OF COLUMBIA,9,488000,1930
POLIO,0.8400000000000001,FLORIDA,12,1471000,1930
POLIO,0.67,GEORGIA,21,2910000,1930
POLIO,2.870000000000001,IDAHO,13,447000,1930
POLIO,5.9399999999999995,ILLINOIS,453,7644000,1930
POLIO,4.970000000000001,INDIANA,162,3242000,1930
POLIO,9.040000000000001,IOWA,224,2475000,1930
POLIO,41.25,KANSAS,777,1883000,1930
POLIO,0.98,KENTUCKY,25,2623000,1930
POLIO,14.530000000000001,LOUISIANA,306,2105000,1930
POLIO,19.49,MAINE,156,800000,1930
POLIO,2.5900000000000007,MARYLAND,43,1636000,1930
POLIO,11.82,MASSACHUSETTS,503,4250000,1930
POLIO,4.199999999999999,MICHIGAN,205,4834000,1930
POLIO,14.739999999999998,MINNESOTA,379,2576000,1930
POLIO,1.9000000000000006,MISSISSIPPI,38,2006000,1930
POLIO,5.780000000000001,MISSOURI,211,3646000,1930
POLIO,3.56,MONTANA,19,539000,1930
POLIO,20.709999999999997,NEBRASKA,286,1380000,1930
POLIO,5.51,NEW HAMPSHIRE,26,466000,1930
POLIO,1.3700000000000003,NEW JERSEY,60,4068000,1930
POLIO,7.920000000000001,NEW MEXICO,34,427000,1930
POLIO,6.050000000000001,NEW YORK,762,12647000,1930
POLIO,2.759999999999999,NORTH CAROLINA,89,3167000,1930
POLIO,6.330000000000002,NORTH DAKOTA,43,682000,1930
POLIO,13.97,OHIO,923,6662000,1930
POLIO,6.38,OKLAHOMA,154,2401000,1930
POLIO,3.2000000000000006,OREGON,31,956000,1930
POLIO,1.7300000000000002,PENNSYLVANIA,172,9649000,1930
POLIO,3.07,RHODE ISLAND,21,686000,1930
POLIO,3.5299999999999994,SOUTH CAROLINA,62,1745000,1930
POLIO,20.159999999999993,SOUTH DAKOTA,140,693000,1930
POLIO,2.370000000000001,TENNESSEE,61,2619000,1930
POLIO,2.1999999999999997,TEXAS,128,5844000,1930
POLIO,0.5900000000000001,UTAH,3,509000,1930
POLIO,0.8400000000000001,VERMONT,3,360000,1930
POLIO,0.44000000000000006,VIRGINIA,11,2427000,1930
POLIO,2.95,WASHINGTON,47,1568000,1930
POLIO,2.4000000000000004,WEST VIRGINIA,41,1733000,1930
POLIO,6.0600000000000005,WISCONSIN,180,2950000,1930
POLIO,24.31,WYOMING,55,226000,1930
SMALLPOX,7.280000000000001,ALABAMA,192,2647000,1930
SMALLPOX,126.25000000000001,ARIZONA,548,434000,1930
SMALLPOX,22.099999999999994,ARKANSAS,410,1859000,1930
SMALLPOX,40.19999999999998,CALIFORNIA,2293,5711000,1930
SMALLPOX,54.029999999999994,COLORADO,562,1040000,1930
SMALLPOX,0.0,CONNECTICUT,0,1613000,1930
SMALLPOX,0.0,DELAWARE,0,239000,1930
SMALLPOX,0.0,DISTRICT OF COLUMBIA,0,488000,1930
SMALLPOX,1.9400000000000008,FLORIDA,28,1471000,1930
SMALLPOX,0.0,GEORGIA,0,2910000,1930
SMALLPOX,45.370000000000005,IDAHO,203,447000,1930
SMALLPOX,50.92000000000001,ILLINOIS,3891,7644000,1930
SMALLPOX,161.58000000000004,INDIANA,5239,3242000,1930
SMALLPOX,123.0,IOWA,3044,2475000,1930
SMALLPOX,122.59,KANSAS,2309,1883000,1930
SMALLPOX,20.900000000000002,KENTUCKY,549,2623000,1930
SMALLPOX,12.320000000000002,LOUISIANA,258,2105000,1930
SMALLPOX,0.0,MAINE,0,800000,1930
SMALLPOX,0.0,MARYLAND,0,1636000,1930
SMALLPOX,0.0,MASSACHUSETTS,0,4250000,1930
SMALLPOX,48.55000000000001,MICHIGAN,2348,4834000,1930
SMALLPOX,11.510000000000003,MINNESOTA,295,2576000,1930
SMALLPOX,9.35,MISSISSIPPI,187,2006000,1930
SMALLPOX,44.23999999999996,MISSOURI,1613,3646000,1930
SMALLPOX,65.49999999999999,MONTANA,353,539000,1930
SMALLPOX,140.14,NEBRASKA,1934,1380000,1930
SMALLPOX,0.0,NEW HAMPSHIRE,0,466000,1930
SMALLPOX,0.02,NEW JERSEY,1,4068000,1930
SMALLPOX,40.95999999999997,NEW MEXICO,175,427000,1930
SMALLPOX,2.629999999999999,NEW YORK,332,12647000,1930
SMALLPOX,17.72000000000001,NORTH CAROLINA,562,3167000,1930
SMALLPOX,106.80000000000004,NORTH DAKOTA,728,682000,1930
SMALLPOX,77.88000000000001,OHIO,5181,6662000,1930
SMALLPOX,109.53000000000003,OKLAHOMA,2630,2401000,1930
SMALLPOX,82.19999999999997,OREGON,786,956000,1930
SMALLPOX,0.4200000000000001,PENNSYLVANIA,42,9649000,1930
SMALLPOX,0.0,RHODE ISLAND,0,686000,1930
SMALLPOX,4.6899999999999995,SOUTH CAROLINA,82,1745000,1930
SMALLPOX,200.71999999999997,SOUTH DAKOTA,1391,693000,1930
SMALLPOX,16.159999999999993,TENNESSEE,423,2619000,1930
SMALLPOX,46.81999999999999,TEXAS,2736,5844000,1930
SMALLPOX,5.320000000000001,UTAH,27,509000,1930
SMALLPOX,21.959999999999997,VERMONT,79,360000,1930
SMALLPOX,0.41,VIRGINIA,10,2427000,1930
SMALLPOX,149.55999999999992,WASHINGTON,2345,1568000,1930
SMALLPOX,45.14000000000001,WEST VIRGINIA,782,1733000,1930
SMALLPOX,30.81,WISCONSIN,909,2950000,1930
SMALLPOX,111.02999999999999,WYOMING,251,226000,1930
MEASLES,337.29000000000013,ALABAMA,8934,2649000,1931
MEASLES,497.6900000000003,ARIZONA,2135,429000,1931
MEASLES,45.910000000000004,ARKANSAS,849,1848000,1931
MEASLES,477.4800000000002,CALIFORNIA,27807,5824000,1931
MEASLES,453.26999999999975,COLORADO,4787,1056000,1931
MEASLES,790.4599999999996,CONNECTICUT,12869,1628000,1931
MEASLES,1003.2799999999999,DELAWARE,2428,242000,1931
MEASLES,832.9900000000005,DISTRICT OF COLUMBIA,4198,504000,1931
MEASLES,260.79,FLORIDA,3894,1493000,1931
MEASLES,104.38999999999993,GEORGIA,3053,2924000,1931
MEASLES,25.969999999999995,IDAHO,118,454000,1931
MEASLES,516.9700000000003,ILLINOIS,39738,7687000,1931
MEASLES,541.2099999999997,INDIANA,17628,3257000,1931
MEASLES,34.24999999999998,IOWA,851,2482000,1931
MEASLES,93.46999999999994,KANSAS,1758,1881000,1931
MEASLES,181.04000000000005,KENTUCKY,4801,2652000,1931
MEASLES,11.470000000000002,LOUISIANA,244,2124000,1931
MEASLES,434.35,MAINE,3505,807000,1931
MEASLES,1264.8499999999995,MARYLAND,20959,1657000,1931
MEASLES,386.78,MASSACHUSETTS,16431,4248000,1931
MEASLES,133.47999999999996,MICHIGAN,6403,4798000,1931
MEASLES,123.53000000000002,MINNESOTA,3229,2614000,1931
MEASLES,369.76999999999987,MISSOURI,13723,3711000,1931
MEASLES,284.84999999999997,MONTANA,1538,540000,1931
MEASLES,24.91,NEBRASKA,345,1384000,1931
MEASLES,299.1499999999999,NEW HAMPSHIRE,1406,470000,1931
MEASLES,494.1899999999997,NEW JERSEY,20361,4120000,1931
MEASLES,324.5700000000001,NEW MEXICO,1415,436000,1931
MEASLES,423.22,NEW YORK,54376,12848000,1931
MEASLES,480.4800000000001,NORTH CAROLINA,15299,3184000,1931
MEASLES,142.06,NORTH DAKOTA,966,680000,1931
MEASLES,291.3200000000001,OHIO,19500,6694000,1931
MEASLES,32.169999999999995,OKLAHOMA,774,2403000,1931
MEASLES,242.56000000000003,OREGON,2343,966000,1931
MEASLES,821.6000000000003,PENNSYLVANIA,79748,9707000,1931
MEASLES,665.0499999999998,RHODE ISLAND,4529,681000,1931
MEASLES,189.95,SOUTH CAROLINA,3330,1753000,1931
MEASLES,212.3599999999999,SOUTH DAKOTA,1474,694000,1931
MEASLES,134.79000000000005,TENNESSEE,3581,2657000,1931
MEASLES,39.56,TEXAS,2336,5907000,1931
MEASLES,29.720000000000002,UTAH,153,513000,1931
MEASLES,318.4,VERMONT,1143,359000,1931
MEASLES,197.42999999999992,WASHINGTON,3121,1581000,1931
MEASLES,291.38,WEST VIRGINIA,5070,1740000,1931
MEASLES,506.57000000000005,WISCONSIN,15146,2990000,1931
MEASLES,60.689999999999976,WYOMING,139,229000,1931
POLIO,2.0700000000000003,ALABAMA,54,2649000,1931
POLIO,2.5300000000000002,ARIZONA,11,429000,1931
POLIO,0.8600000000000003,ARKANSAS,17,1848000,1931
POLIO,4.299999999999998,CALIFORNIA,252,5824000,1931
POLIO,0.8199999999999998,COLORADO,9,1056000,1931
POLIO,69.95000000000002,CONNECTICUT,1139,1628000,1931
POLIO,2.05,DELAWARE,5,242000,1931
POLIO,2.99,DISTRICT OF COLUMBIA,15,504000,1931
POLIO,1.1800000000000004,FLORIDA,17,1493000,1931
POLIO,1.0,GEORGIA,31,2924000,1931
POLIO,1.54,IDAHO,7,454000,1931
POLIO,9.569999999999999,ILLINOIS,736,7687000,1931
POLIO,1.9200000000000004,INDIANA,64,3257000,1931
POLIO,6.520000000000002,IOWA,163,2482000,1931
POLIO,1.7000000000000008,KANSAS,33,1881000,1931
POLIO,1.1,KENTUCKY,28,2652000,1931
POLIO,1.4300000000000006,LOUISIANA,30,2124000,1931
POLIO,14.869999999999997,MAINE,120,807000,1931
POLIO,3.180000000000001,MARYLAND,53,1657000,1931
POLIO,34.1,MASSACHUSETTS,1448,4248000,1931
POLIO,23.65999999999999,MICHIGAN,1137,4798000,1931
POLIO,28.319999999999997,MINNESOTA,739,2614000,1931
POLIO,1.7500000000000007,MISSISSIPPI,35,1994000,1931
POLIO,1.7500000000000002,MISSOURI,65,3711000,1931
POLIO,11.009999999999998,MONTANA,59,540000,1931
POLIO,2.62,NEBRASKA,37,1384000,1931
POLIO,13.620000000000001,NEW HAMPSHIRE,64,470000,1931
POLIO,24.37,NEW JERSEY,1006,4120000,1931
POLIO,3.45,NEW MEXICO,15,436000,1931
POLIO,48.20999999999999,NEW YORK,6192,12848000,1931
POLIO,3.2699999999999996,NORTH CAROLINA,105,3184000,1931
POLIO,5.290000000000001,NORTH DAKOTA,36,680000,1931
POLIO,2.8999999999999995,OHIO,201,6694000,1931
POLIO,1.04,OKLAHOMA,26,2403000,1931
POLIO,1.6400000000000001,OREGON,16,966000,1931
POLIO,4.32,PENNSYLVANIA,422,9707000,1931
POLIO,23.639999999999997,RHODE ISLAND,161,681000,1931
POLIO,3.4000000000000004,SOUTH CAROLINA,59,1753000,1931
POLIO,4.140000000000001,SOUTH DAKOTA,29,694000,1931
POLIO,1.8700000000000006,TENNESSEE,48,2657000,1931
POLIO,0.6000000000000002,TEXAS,34,5907000,1931
POLIO,0.96,UTAH,5,513000,1931
POLIO,24.779999999999998,VERMONT,89,359000,1931
POLIO,0.96,VIRGINIA,24,2445000,1931
POLIO,5.3500000000000005,WASHINGTON,85,1581000,1931
POLIO,4.6599999999999975,WEST VIRGINIA,81,1740000,1931
POLIO,24.529999999999998,WISCONSIN,735,2990000,1931
POLIO,2.64,WYOMING,6,229000,1931
SMALLPOX,11.179999999999993,ALABAMA,295,2649000,1931
SMALLPOX,10.700000000000005,ARIZONA,46,429000,1931
SMALLPOX,40.75999999999997,ARKANSAS,753,1848000,1931
SMALLPOX,23.870000000000005,CALIFORNIA,1390,5824000,1931
SMALLPOX,25.039999999999996,COLORADO,265,1056000,1931
SMALLPOX,6.15,CONNECTICUT,100,1628000,1931
SMALLPOX,0.0,DELAWARE,0,242000,1931
SMALLPOX,0.0,DISTRICT OF COLUMBIA,0,504000,1931
SMALLPOX,1.87,FLORIDA,28,1493000,1931
SMALLPOX,1.6100000000000003,GEORGIA,47,2924000,1931
SMALLPOX,17.600000000000005,IDAHO,80,454000,1931
SMALLPOX,23.260000000000005,ILLINOIS,1787,7687000,1931
SMALLPOX,90.93000000000006,INDIANA,2962,3257000,1931
SMALLPOX,93.88,IOWA,2331,2482000,1931
SMALLPOX,137.1700000000001,KANSAS,2580,1881000,1931
SMALLPOX,12.809999999999999,KENTUCKY,340,2652000,1931
SMALLPOX,29.80000000000002,LOUISIANA,634,2124000,1931
SMALLPOX,0.12,MAINE,1,807000,1931
SMALLPOX,0.06,MARYLAND,1,1657000,1931
SMALLPOX,0.14,MASSACHUSETTS,6,4248000,1931
SMALLPOX,18.63999999999999,MICHIGAN,894,4798000,1931
SMALLPOX,9.400000000000004,MINNESOTA,246,2614000,1931
SMALLPOX,49.7,MISSISSIPPI,992,1994000,1931
SMALLPOX,29.809999999999995,MISSOURI,1106,3711000,1931
SMALLPOX,26.750000000000007,MONTANA,144,540000,1931
SMALLPOX,88.2,NEBRASKA,1221,1384000,1931
SMALLPOX,0.42,NEW HAMPSHIRE,2,470000,1931
SMALLPOX,0.22999999999999995,NEW JERSEY,10,4120000,1931
SMALLPOX,14.030000000000006,NEW MEXICO,61,436000,1931
SMALLPOX,3.309999999999999,NEW YORK,422,12848000,1931
SMALLPOX,1.9700000000000006,NORTH CAROLINA,64,3184000,1931
SMALLPOX,61.88999999999999,NORTH DAKOTA,421,680000,1931
SMALLPOX,26.790000000000006,OHIO,1796,6694000,1931
SMALLPOX,84.56000000000006,OKLAHOMA,2032,2403000,1931
SMALLPOX,80.10000000000001,OREGON,774,966000,1931
SMALLPOX,0.10999999999999999,PENNSYLVANIA,11,9707000,1931
SMALLPOX,0.0,RHODE ISLAND,0,681000,1931
SMALLPOX,3.6999999999999997,SOUTH CAROLINA,65,1753000,1931
SMALLPOX,96.43000000000008,SOUTH DAKOTA,669,694000,1931
SMALLPOX,13.339999999999995,TENNESSEE,354,2657000,1931
SMALLPOX,30.47,TEXAS,1799,5907000,1931
SMALLPOX,3.2899999999999996,UTAH,17,513000,1931
SMALLPOX,66.32000000000001,VERMONT,238,359000,1931
SMALLPOX,0.48000000000000004,VIRGINIA,12,2445000,1931
SMALLPOX,65.69,WASHINGTON,1038,1581000,1931
SMALLPOX,14.31,WEST VIRGINIA,250,1740000,1931
SMALLPOX,12.320000000000002,WISCONSIN,370,2990000,1931
SMALLPOX,23.610000000000017,WYOMING,54,229000,1931
MEASLES,10.20999999999999,ALABAMA,270,2653000,1932
MEASLES,20.110000000000003,ARIZONA,86,426000,1932
MEASLES,5.329999999999997,ARKANSAS,99,1836000,1932
MEASLES,214.07999999999998,CALIFORNIA,12618,5894000,1932
MEASLES,222.89999999999992,COLORADO,2376,1066000,1932
MEASLES,348.27000000000027,CONNECTICUT,5701,1637000,1932
MEASLES,15.980000000000004,DELAWARE,39,245000,1932
MEASLES,53.13999999999998,DISTRICT OF COLUMBIA,273,513000,1932
MEASLES,13.63000000000001,FLORIDA,207,1521000,1932
MEASLES,34.360000000000014,GEORGIA,1009,2935000,1932
MEASLES,8.760000000000002,IDAHO,40,459000,1932
MEASLES,208.31000000000003,ILLINOIS,16113,7736000,1932
MEASLES,88.78,INDIANA,2914,3281000,1932
MEASLES,6.320000000000003,IOWA,158,2489000,1932
MEASLES,326.6400000000001,KANSAS,6150,1883000,1932
MEASLES,72.99000000000004,KENTUCKY,1953,2676000,1932
MEASLES,67.43999999999998,LOUISIANA,1453,2155000,1932
MEASLES,1086.2799999999993,MAINE,8853,815000,1932
MEASLES,65.17000000000002,MARYLAND,1093,1678000,1932
MEASLES,463.19,MASSACHUSETTS,19727,4259000,1932
MEASLES,881.09,MICHIGAN,42116,4780000,1932
MEASLES,95.10999999999999,MINNESOTA,2516,2646000,1932
MEASLES,43.15999999999999,MISSOURI,1618,3746000,1932
MEASLES,1007.9700000000001,MONTANA,5443,540000,1932
MEASLES,31.60999999999999,NEBRASKA,438,1386000,1932
MEASLES,151.26,NEW HAMPSHIRE,717,474000,1932
MEASLES,373.96000000000004,NEW JERSEY,15407,4120000,1932
MEASLES,271.9000000000001,NEW MEXICO,1199,441000,1932
MEASLES,465.05999999999995,NEW YORK,60464,13001000,1932
MEASLES,423.03999999999996,NORTH CAROLINA,13653,3227000,1932
MEASLES,318.07000000000005,NORTH DAKOTA,2150,676000,1932
MEASLES,539.34,OHIO,36228,6717000,1932
MEASLES,43.169999999999995,OKLAHOMA,1034,2394000,1932
MEASLES,514.2,OREGON,4998,972000,1932
MEASLES,470.6900000000001,PENNSYLVANIA,45957,9764000,1932
MEASLES,1472.6900000000007,RHODE ISLAND,9970,677000,1932
MEASLES,182.57999999999998,SOUTH CAROLINA,3192,1748000,1932
MEASLES,96.37000000000008,SOUTH DAKOTA,667,692000,1932
MEASLES,68.9900000000001,TENNESSEE,1870,2711000,1932
MEASLES,76.58,TEXAS,4564,5961000,1932
MEASLES,13.909999999999998,UTAH,72,517000,1932
MEASLES,1146.08,VERMONT,4103,358000,1932
MEASLES,53.4,VIRGINIA,1309,2452000,1932
MEASLES,631.9300000000002,WASHINGTON,10009,1584000,1932
MEASLES,599.6500000000001,WEST VIRGINIA,10476,1747000,1932
MEASLES,935.3100000000001,WISCONSIN,28255,3021000,1932
MEASLES,242.10000000000008,WYOMING,557,230000,1932
POLIO,1.3800000000000001,ALABAMA,35,2653000,1932
POLIO,1.62,ARIZONA,7,426000,1932
POLIO,0.7300000000000001,ARKANSAS,14,1836000,1932
POLIO,2.85,CALIFORNIA,172,5894000,1932
POLIO,0.7199999999999999,COLORADO,8,1066000,1932
POLIO,1.9200000000000004,CONNECTICUT,32,1637000,1932
POLIO,4.5,DELAWARE,11,245000,1932
POLIO,6.570000000000001,DISTRICT OF COLUMBIA,34,513000,1932
POLIO,0.55,FLORIDA,8,1521000,1932
POLIO,0.56,GEORGIA,17,2935000,1932
POLIO,1.31,IDAHO,6,459000,1932
POLIO,2.6900000000000004,ILLINOIS,211,7736000,1932
POLIO,0.7500000000000002,INDIANA,25,3281000,1932
POLIO,1.9200000000000006,IOWA,48,2489000,1932
POLIO,2.2300000000000004,KANSAS,42,1883000,1932
POLIO,1.940000000000001,KENTUCKY,52,2676000,1932
POLIO,1.8400000000000007,LOUISIANA,39,2155000,1932
POLIO,7.4700000000000015,MAINE,61,815000,1932
POLIO,2.3400000000000003,MARYLAND,39,1678000,1932
POLIO,1.4400000000000006,MASSACHUSETTS,62,4259000,1932
POLIO,2.3200000000000003,MICHIGAN,113,4780000,1932
POLIO,4.169999999999999,MINNESOTA,110,2646000,1932
POLIO,1.2500000000000004,MISSISSIPPI,25,2004000,1932
POLIO,0.27,MISSOURI,9,3746000,1932
POLIO,1.3299999999999998,MONTANA,7,540000,1932
POLIO,2.13,NEBRASKA,30,1386000,1932
POLIO,1.05,NEW HAMPSHIRE,5,474000,1932
POLIO,8.96,NEW JERSEY,371,4120000,1932
POLIO,2.3000000000000003,NEW MEXICO,10,441000,1932
POLIO,2.7699999999999987,NEW YORK,356,13001000,1932
POLIO,1.6300000000000008,NORTH CAROLINA,54,3227000,1932
POLIO,5.069999999999999,NORTH DAKOTA,34,676000,1932
POLIO,1.1400000000000003,OHIO,84,6717000,1932
POLIO,1.1300000000000001,OKLAHOMA,28,2394000,1932
POLIO,1.9200000000000004,OREGON,19,972000,1932
POLIO,12.459999999999999,PENNSYLVANIA,1219,9764000,1932
POLIO,1.2,RHODE ISLAND,8,677000,1932
POLIO,2.4700000000000006,SOUTH CAROLINA,43,1748000,1932
POLIO,2.1200000000000006,SOUTH DAKOTA,15,692000,1932
POLIO,2.0300000000000002,TENNESSEE,54,2711000,1932
POLIO,1.2400000000000002,TEXAS,72,5961000,1932
POLIO,0.5700000000000001,UTAH,3,517000,1932
POLIO,0.56,VERMONT,2,358000,1932
POLIO,2.16,VIRGINIA,54,2452000,1932
POLIO,4.739999999999999,WASHINGTON,75,1584000,1932
POLIO,2.49,WEST VIRGINIA,43,1747000,1932
POLIO,1.880000000000001,WISCONSIN,57,3021000,1932
POLIO,2.5900000000000003,WYOMING,6,230000,1932
SMALLPOX,17.63999999999999,ALABAMA,467,2653000,1932
SMALLPOX,1.63,ARIZONA,7,426000,1932
SMALLPOX,19.589999999999993,ARKANSAS,360,1836000,1932
SMALLPOX,8.370000000000003,CALIFORNIA,495,5894000,1932
SMALLPOX,5.700000000000001,COLORADO,61,1066000,1932
SMALLPOX,5.24,CONNECTICUT,86,1637000,1932
SMALLPOX,0.0,DELAWARE,0,245000,1932
SMALLPOX,0.19,DISTRICT OF COLUMBIA,1,513000,1932
SMALLPOX,2.1899999999999995,FLORIDA,33,1521000,1932
SMALLPOX,0.5,GEORGIA,15,2935000,1932
SMALLPOX,18.56,IDAHO,85,459000,1932
SMALLPOX,4.389999999999999,ILLINOIS,340,7736000,1932
SMALLPOX,11.639999999999993,INDIANA,383,3281000,1932
SMALLPOX,46.64999999999997,IOWA,1163,2489000,1932
SMALLPOX,8.930000000000007,KANSAS,168,1883000,1932
SMALLPOX,6.3900000000000015,KENTUCKY,171,2676000,1932
SMALLPOX,7.02,LOUISIANA,151,2155000,1932
SMALLPOX,0.12,MAINE,1,815000,1932
SMALLPOX,0.0,MARYLAND,0,1678000,1932
SMALLPOX,1.01,MASSACHUSETTS,43,4259000,1932
SMALLPOX,4.619999999999997,MICHIGAN,223,4780000,1932
SMALLPOX,3.5500000000000003,MINNESOTA,93,2646000,1932
SMALLPOX,26.24000000000001,MISSISSIPPI,525,2004000,1932
SMALLPOX,6.280000000000001,MISSOURI,236,3746000,1932
SMALLPOX,25.23999999999999,MONTANA,136,540000,1932
SMALLPOX,21.769999999999992,NEBRASKA,302,1386000,1932
SMALLPOX,0.42,NEW HAMPSHIRE,2,474000,1932
SMALLPOX,0.0,NEW JERSEY,0,4120000,1932
SMALLPOX,5.000000000000002,NEW MEXICO,22,441000,1932
SMALLPOX,1.4800000000000004,NEW YORK,193,13001000,1932
SMALLPOX,2.1599999999999993,NORTH CAROLINA,72,3227000,1932
SMALLPOX,35.97,NORTH DAKOTA,243,676000,1932
SMALLPOX,15.109999999999992,OHIO,1018,6717000,1932
SMALLPOX,22.43999999999999,OKLAHOMA,537,2394000,1932
SMALLPOX,40.35000000000001,OREGON,392,972000,1932
SMALLPOX,0.07,PENNSYLVANIA,7,9764000,1932
SMALLPOX,0.0,RHODE ISLAND,0,677000,1932
SMALLPOX,0.9800000000000002,SOUTH CAROLINA,17,1748000,1932
SMALLPOX,22.8,SOUTH DAKOTA,158,692000,1932
SMALLPOX,16.219999999999988,TENNESSEE,439,2711000,1932
SMALLPOX,17.950000000000003,TEXAS,1068,5961000,1932
SMALLPOX,0.77,UTAH,4,517000,1932
SMALLPOX,48.64,VERMONT,174,358000,1932
SMALLPOX,0.4,VIRGINIA,10,2452000,1932
SMALLPOX,42.010000000000026,WASHINGTON,665,1584000,1932
SMALLPOX,3.56,WEST VIRGINIA,62,1747000,1932
SMALLPOX,2.9199999999999986,WISCONSIN,89,3021000,1932
SMALLPOX,9.969999999999999,WYOMING,23,230000,1932
MEASLES,65.21999999999998,ALABAMA,1735,2661000,1933
MEASLES,296.0100000000002,ARIZONA,1261,426000,1933
MEASLES,293.31999999999994,ARKANSAS,5438,1854000,1933
MEASLES,445.2800000000002,CALIFORNIA,26551,5963000,1933
MEASLES,27.690000000000005,COLORADO,297,1071000,1933
MEASLES,330.6600000000002,CONNECTICUT,5430,1642000,1933
MEASLES,82.68000000000004,DELAWARE,205,248000,1933
MEASLES,100.79999999999995,DISTRICT OF COLUMBIA,533,529000,1933
MEASLES,63.930000000000014,FLORIDA,993,1552000,1933
MEASLES,156.88,GEORGIA,4628,2950000,1933
MEASLES,193.59000000000006,IDAHO,898,464000,1933
MEASLES,155.64999999999998,ILLINOIS,12092,7768000,1933
MEASLES,108.02000000000004,INDIANA,3570,3304000,1933
MEASLES,33.00999999999999,IOWA,824,2495000,1933
MEASLES,335.07999999999987,KANSAS,6289,1877000,1933
MEASLES,57.859999999999985,KENTUCKY,1560,2698000,1933
MEASLES,42.769999999999996,LOUISIANA,931,2178000,1933
MEASLES,13.389999999999993,MAINE,110,821000,1933
MEASLES,41.18,MARYLAND,697,1694000,1933
MEASLES,351.86000000000007,MASSACHUSETTS,15067,4282000,1933
MEASLES,462.1399999999998,MICHIGAN,22089,4780000,1933
MEASLES,752.33,MINNESOTA,20110,2673000,1933
MEASLES,152.96000000000012,MISSOURI,5771,3773000,1933
MEASLES,419.5700000000001,MONTANA,2270,541000,1933
MEASLES,117.35000000000001,NEBRASKA,1625,1385000,1933
MEASLES,218.48000000000002,NEW HAMPSHIRE,1042,477000,1933
MEASLES,726.94,NEW JERSEY,29855,4107000,1933
MEASLES,148.80000000000004,NEW MEXICO,668,449000,1933
MEASLES,549.0,NEW YORK,72057,13126000,1933
MEASLES,495.5900000000001,NORTH CAROLINA,16197,3268000,1933
MEASLES,373.6400000000001,NORTH DAKOTA,2518,674000,1933
MEASLES,233.67000000000004,OHIO,15751,6740000,1933
MEASLES,101.87,OKLAHOMA,2437,2392000,1933
MEASLES,230.36999999999998,OREGON,2253,978000,1933
MEASLES,336.3800000000001,PENNSYLVANIA,32912,9784000,1933
MEASLES,9.360000000000003,RHODE ISLAND,63,675000,1933
MEASLES,360.6400000000001,SOUTH CAROLINA,6319,1752000,1933
MEASLES,299.08,SOUTH DAKOTA,2064,690000,1933
MEASLES,133.48,TENNESSEE,3667,2747000,1933
MEASLES,361.3999999999999,TEXAS,21734,6014000,1933
MEASLES,402.09999999999997,UTAH,2091,520000,1933
MEASLES,312.58000000000004,VERMONT,1116,357000,1933
MEASLES,351.88000000000005,VIRGINIA,8656,2460000,1933
MEASLES,155.83999999999995,WASHINGTON,2481,1592000,1933
MEASLES,303.34000000000003,WEST VIRGINIA,5315,1752000,1933
MEASLES,317.4799999999999,WISCONSIN,9651,3040000,1933
MEASLES,249.06000000000003,WYOMING,573,230000,1933
POLIO,1.12,ALABAMA,28,2661000,1933
POLIO,3.72,ARIZONA,16,426000,1933
POLIO,0.67,ARKANSAS,13,1854000,1933
POLIO,2.5500000000000003,CALIFORNIA,151,5963000,1933
POLIO,0.65,COLORADO,7,1071000,1933
POLIO,4.4899999999999975,CONNECTICUT,74,1642000,1933
POLIO,5.230000000000001,DELAWARE,13,248000,1933
POLIO,1.33,DISTRICT OF COLUMBIA,7,529000,1933
POLIO,0.55,FLORIDA,9,1552000,1933
POLIO,0.56,GEORGIA,17,2950000,1933
POLIO,1.3,IDAHO,6,464000,1933
POLIO,2.8099999999999987,ILLINOIS,221,7768000,1933
POLIO,1.3500000000000005,INDIANA,45,3304000,1933
POLIO,1.7999999999999998,IOWA,45,2495000,1933
POLIO,2.8699999999999988,KANSAS,54,1877000,1933
POLIO,1.6600000000000004,KENTUCKY,44,2698000,1933
POLIO,1.3500000000000003,LOUISIANA,28,2178000,1933
POLIO,8.040000000000001,MAINE,66,821000,1933
POLIO,2.940000000000001,MARYLAND,49,1694000,1933
POLIO,8.360000000000003,MASSACHUSETTS,359,4282000,1933
POLIO,1.9000000000000004,MICHIGAN,93,4780000,1933
POLIO,11.749999999999996,MINNESOTA,314,2673000,1933
POLIO,0.44999999999999996,MISSISSIPPI,9,2031000,1933
POLIO,0.9500000000000002,MISSOURI,35,3773000,1933
POLIO,1.9999999999999998,MONTANA,11,541000,1933
POLIO,1.7800000000000002,NEBRASKA,25,1385000,1933
POLIO,2.31,NEW HAMPSHIRE,11,477000,1933
POLIO,5.93,NEW JERSEY,245,4107000,1933
POLIO,1.98,NEW MEXICO,9,449000,1933
POLIO,10.560000000000002,NEW YORK,1378,13126000,1933
POLIO,0.9000000000000002,NORTH CAROLINA,30,3268000,1933
POLIO,12.77,NORTH DAKOTA,86,674000,1933
POLIO,5.299999999999999,OHIO,361,6740000,1933
POLIO,1.1500000000000001,OKLAHOMA,28,2392000,1933
POLIO,3.6400000000000006,OREGON,36,978000,1933
POLIO,4.199999999999998,PENNSYLVANIA,411,9784000,1933
POLIO,2.5399999999999996,RHODE ISLAND,17,675000,1933
POLIO,1.610000000000001,SOUTH CAROLINA,28,1752000,1933
POLIO,4.57,SOUTH DAKOTA,32,690000,1933
POLIO,4.19,TENNESSEE,114,2747000,1933
POLIO,0.8300000000000003,TEXAS,47,6014000,1933
POLIO,2.28,UTAH,12,520000,1933
POLIO,10.080000000000002,VERMONT,36,357000,1933
POLIO,1.56,VIRGINIA,39,2460000,1933
POLIO,5.960000000000001,WASHINGTON,95,1592000,1933
POLIO,5.449999999999999,WEST VIRGINIA,95,1752000,1933
POLIO,2.2199999999999998,WISCONSIN,67,3040000,1933
POLIO,4.76,WYOMING,11,230000,1933
SMALLPOX,3.1400000000000006,ALABAMA,82,2661000,1933
SMALLPOX,2.31,ARIZONA,10,426000,1933
SMALLPOX,12.400000000000002,ARKANSAS,230,1854000,1933
SMALLPOX,17.7,CALIFORNIA,1059,5963000,1933
SMALLPOX,15.56,COLORADO,167,1071000,1933
SMALLPOX,1.75,CONNECTICUT,29,1642000,1933
SMALLPOX,0.0,DELAWARE,0,248000,1933
SMALLPOX,0.38,DISTRICT OF COLUMBIA,2,529000,1933
SMALLPOX,0.06,FLORIDA,1,1552000,1933
SMALLPOX,1.53,GEORGIA,46,2950000,1933
SMALLPOX,42.28999999999997,IDAHO,196,464000,1933
SMALLPOX,3.489999999999997,ILLINOIS,272,7768000,1933
SMALLPOX,2.6400000000000006,INDIANA,88,3304000,1933
SMALLPOX,29.91999999999999,IOWA,748,2495000,1933
SMALLPOX,2.6400000000000006,KANSAS,50,1877000,1933
SMALLPOX,0.7800000000000001,KENTUCKY,20,2698000,1933
SMALLPOX,3.4800000000000004,LOUISIANA,75,2178000,1933
SMALLPOX,0.0,MAINE,0,821000,1933
SMALLPOX,0.0,MARYLAND,0,1694000,1933
SMALLPOX,0.0,MASSACHUSETTS,0,4282000,1933
SMALLPOX,0.8600000000000002,MICHIGAN,43,4780000,1933
SMALLPOX,2.05,MINNESOTA,55,2673000,1933
SMALLPOX,2.24,MISSISSIPPI,45,2031000,1933
SMALLPOX,3.2499999999999982,MISSOURI,121,3773000,1933
SMALLPOX,6.98,MONTANA,38,541000,1933
SMALLPOX,9.71,NEBRASKA,135,1385000,1933
SMALLPOX,0.0,NEW HAMPSHIRE,0,477000,1933
SMALLPOX,0.02,NEW JERSEY,1,4107000,1933
SMALLPOX,4.220000000000001,NEW MEXICO,19,449000,1933
SMALLPOX,0.03,NEW YORK,3,13126000,1933
SMALLPOX,1.1100000000000003,NORTH CAROLINA,37,3268000,1933
SMALLPOX,4.04,NORTH DAKOTA,27,674000,1933
SMALLPOX,3.629999999999998,OHIO,249,6740000,1933
SMALLPOX,6.840000000000001,OKLAHOMA,165,2392000,1933
SMALLPOX,31.820000000000004,OREGON,312,978000,1933
SMALLPOX,0.0,PENNSYLVANIA,0,9784000,1933
SMALLPOX,0.0,RHODE ISLAND,0,675000,1933
SMALLPOX,1.2600000000000002,SOUTH CAROLINA,22,1752000,1933
SMALLPOX,3.0200000000000005,SOUTH DAKOTA,21,690000,1933
SMALLPOX,1.8300000000000003,TENNESSEE,50,2747000,1933
SMALLPOX,13.67,TEXAS,822,6014000,1933
SMALLPOX,5.390000000000001,UTAH,28,520000,1933
SMALLPOX,0.8400000000000001,VERMONT,3,357000,1933
SMALLPOX,0.32,VIRGINIA,8,2460000,1933
SMALLPOX,17.780000000000005,WASHINGTON,283,1592000,1933
SMALLPOX,3.38,WEST VIRGINIA,59,1752000,1933
SMALLPOX,17.69,WISCONSIN,538,3040000,1933
SMALLPOX,2.15,WYOMING,5,230000,1933
MEASLES,590.27,ALABAMA,15849,2685000,1934
MEASLES,238.8099999999999,ARIZONA,1022,428000,1934
MEASLES,384.57,ARKANSAS,7222,1878000,1934
MEASLES,423.2599999999999,CALIFORNIA,25650,6060000,1934
MEASLES,1204.2500000000002,COLORADO,12946,1075000,1934
MEASLES,282.34999999999997,CONNECTICUT,4659,1650000,1934
MEASLES,1225.2000000000005,DELAWARE,3063,250000,1934
MEASLES,1137.4900000000005,DISTRICT OF COLUMBIA,6461,568000,1934
MEASLES,505.65,FLORIDA,8015,1585000,1934
MEASLES,774.7800000000002,GEORGIA,22965,2964000,1934
MEASLES,252.43000000000004,IDAHO,1194,473000,1934
MEASLES,574.84,ILLINOIS,44676,7772000,1934
MEASLES,631.0300000000001,INDIANA,20943,3319000,1934
MEASLES,346.39,IOWA,8694,2510000,1934
MEASLES,538.84,KANSAS,10066,1868000,1934
MEASLES,422.55,KENTUCKY,11501,2722000,1934
MEASLES,220.96000000000006,LOUISIANA,4866,2202000,1934
MEASLES,78.02,MAINE,647,829000,1934
MEASLES,1575.9099999999999,MARYLAND,26948,1710000,1934
MEASLES,1039.49,MASSACHUSETTS,44749,4305000,1934
MEASLES,132.48000000000002,MICHIGAN,6355,4798000,1934
MEASLES,313.59999999999997,MINNESOTA,8451,2695000,1934
MEASLES,539.4799999999998,MISSOURI,20414,3784000,1934
MEASLES,355.9200000000001,MONTANA,1940,545000,1934
MEASLES,331.03,NEBRASKA,4575,1382000,1934
MEASLES,846.7,NEW HAMPSHIRE,4064,480000,1934
MEASLES,359.92,NEW JERSEY,14718,4089000,1934
MEASLES,731.9000000000003,NEW MEXICO,3374,461000,1934
MEASLES,258.13,NEW YORK,34208,13253000,1934
MEASLES,1685.3399999999995,NORTH CAROLINA,55684,3304000,1934
MEASLES,657.6300000000001,NORTH DAKOTA,4419,672000,1934
MEASLES,410.4999999999999,OHIO,27713,6751000,1934
MEASLES,378.08000000000027,OKLAHOMA,9040,2391000,1934
MEASLES,193.5,OREGON,1906,985000,1934
MEASLES,848.1100000000004,PENNSYLVANIA,83076,9795000,1934
MEASLES,65.78999999999999,RHODE ISLAND,444,675000,1934
MEASLES,637.6099999999997,SOUTH CAROLINA,11222,1760000,1934
MEASLES,1373.9400000000005,SOUTH DAKOTA,9370,682000,1934
MEASLES,647.85,TENNESSEE,18036,2784000,1934
MEASLES,490.6600000000001,TEXAS,29699,6053000,1934
MEASLES,2184.8700000000017,UTAH,11405,522000,1934
MEASLES,380.65999999999974,VERMONT,1359,357000,1934
MEASLES,1158.76,VIRGINIA,28795,2485000,1934
MEASLES,473.8400000000002,WASHINGTON,7628,1610000,1934
MEASLES,231.80000000000007,WEST VIRGINIA,4105,1771000,1934
MEASLES,1332.8400000000001,WISCONSIN,40706,3054000,1934
MEASLES,967.4399999999997,WYOMING,2254,233000,1934
POLIO,1.8900000000000003,ALABAMA,50,2685000,1934
POLIO,25.679999999999993,ARIZONA,110,428000,1934
POLIO,0.7300000000000001,ARKANSAS,14,1878000,1934
POLIO,53.99,CALIFORNIA,3271,6060000,1934
POLIO,1.57,COLORADO,17,1075000,1934
POLIO,0.8400000000000001,CONNECTICUT,14,1650000,1934
POLIO,1.2000000000000002,DELAWARE,3,250000,1934
POLIO,1.6099999999999997,DISTRICT OF COLUMBIA,9,568000,1934
POLIO,1.0700000000000003,FLORIDA,17,1585000,1934
POLIO,0.6400000000000001,GEORGIA,20,2964000,1934
POLIO,25.560000000000006,IDAHO,121,473000,1934
POLIO,2.7999999999999994,ILLINOIS,218,7772000,1934
POLIO,2.0700000000000003,INDIANA,69,3319000,1934
POLIO,1.4000000000000004,IOWA,35,2510000,1934
POLIO,4.299999999999999,KANSAS,81,1868000,1934
POLIO,4.37,KENTUCKY,118,2722000,1934
POLIO,1.2000000000000004,LOUISIANA,25,2202000,1934
POLIO,2.5200000000000005,MAINE,21,829000,1934
POLIO,1.7300000000000004,MARYLAND,29,1710000,1934
POLIO,1.7600000000000007,MASSACHUSETTS,76,4305000,1934
POLIO,4.749999999999998,MICHIGAN,230,4798000,1934
POLIO,3.57,MINNESOTA,95,2695000,1934
POLIO,1.1500000000000004,MISSISSIPPI,23,2050000,1934
POLIO,0.9500000000000003,MISSOURI,34,3784000,1934
POLIO,59.06000000000001,MONTANA,322,545000,1934
POLIO,1.4800000000000004,NEBRASKA,21,1382000,1934
POLIO,1.89,NEW HAMPSHIRE,9,480000,1934
POLIO,1.5800000000000007,NEW JERSEY,66,4089000,1934
POLIO,3.930000000000001,NEW MEXICO,18,461000,1934
POLIO,1.8400000000000005,NEW YORK,234,13253000,1934
POLIO,1.3500000000000003,NORTH CAROLINA,45,3304000,1934
POLIO,1.9499999999999995,NORTH DAKOTA,13,672000,1934
POLIO,4.08,OHIO,281,6751000,1934
POLIO,0.52,OKLAHOMA,13,2391000,1934
POLIO,8.589999999999998,OREGON,85,985000,1934
POLIO,1.3500000000000005,PENNSYLVANIA,135,9795000,1934
POLIO,0.15,RHODE ISLAND,1,675000,1934
POLIO,0.7500000000000001,SOUTH CAROLINA,13,1760000,1934
POLIO,5.300000000000001,SOUTH DAKOTA,36,682000,1934
POLIO,2.2700000000000005,TENNESSEE,61,2784000,1934
POLIO,2.4899999999999993,TEXAS,151,6053000,1934
POLIO,2.4699999999999998,UTAH,13,522000,1934
POLIO,2.24,VERMONT,8,357000,1934
POLIO,3.0800000000000005,VIRGINIA,77,2485000,1934
POLIO,45.56999999999999,WASHINGTON,734,1610000,1934
POLIO,4.97,WEST VIRGINIA,87,1771000,1934
POLIO,4.630000000000002,WISCONSIN,142,3054000,1934
POLIO,3.8700000000000006,WYOMING,9,233000,1934
SMALLPOX,0.8700000000000001,ALABAMA,23,2685000,1934
SMALLPOX,0.6900000000000001,ARIZONA,3,428000,1934
SMALLPOX,5.68,ARKANSAS,107,1878000,1934
SMALLPOX,3.02,CALIFORNIA,181,6060000,1934
SMALLPOX,14.339999999999996,COLORADO,154,1075000,1934
SMALLPOX,0.0,CONNECTICUT,0,1650000,1934
SMALLPOX,0.0,DELAWARE,0,250000,1934
SMALLPOX,0.0,DISTRICT OF COLUMBIA,0,568000,1934
SMALLPOX,0.19,FLORIDA,3,1585000,1934
SMALLPOX,0.3800000000000001,GEORGIA,12,2964000,1934
SMALLPOX,21.76000000000001,IDAHO,103,473000,1934
SMALLPOX,1.3400000000000005,ILLINOIS,107,7772000,1934
SMALLPOX,2.19,INDIANA,73,3319000,1934
SMALLPOX,6.6400000000000015,IOWA,166,2510000,1934
SMALLPOX,5.989999999999998,KANSAS,113,1868000,1934
SMALLPOX,1.09,KENTUCKY,29,2722000,1934
SMALLPOX,2.9399999999999986,LOUISIANA,63,2202000,1934
SMALLPOX,0.0,MAINE,0,829000,1934
SMALLPOX,0.0,MARYLAND,0,1710000,1934
SMALLPOX,0.0,MASSACHUSETTS,0,4305000,1934
SMALLPOX,1.0700000000000003,MICHIGAN,52,4798000,1934
SMALLPOX,11.620000000000005,MINNESOTA,313,2695000,1934
SMALLPOX,1.2800000000000002,MISSISSIPPI,26,2050000,1934
SMALLPOX,4.890000000000001,MISSOURI,186,3784000,1934
SMALLPOX,3.8300000000000005,MONTANA,21,545000,1934
SMALLPOX,16.3,NEBRASKA,226,1382000,1934
SMALLPOX,0.42,NEW HAMPSHIRE,2,480000,1934
SMALLPOX,0.0,NEW JERSEY,0,4089000,1934
SMALLPOX,3.2700000000000005,NEW MEXICO,15,461000,1934
SMALLPOX,0.0,NEW YORK,0,13253000,1934
SMALLPOX,0.5400000000000001,NORTH CAROLINA,18,3304000,1934
SMALLPOX,4.189999999999999,NORTH DAKOTA,28,672000,1934
SMALLPOX,0.48000000000000004,OHIO,39,6751000,1934
SMALLPOX,4.37,OKLAHOMA,105,2391000,1934
SMALLPOX,15.289999999999996,OREGON,151,985000,1934
SMALLPOX,0.0,PENNSYLVANIA,0,9795000,1934
SMALLPOX,0.0,RHODE ISLAND,0,675000,1934
SMALLPOX,1.37,SOUTH CAROLINA,24,1760000,1934
SMALLPOX,19.700000000000006,SOUTH DAKOTA,134,682000,1934
SMALLPOX,1.3900000000000006,TENNESSEE,38,2784000,1934
SMALLPOX,14.609999999999998,TEXAS,883,6053000,1934
SMALLPOX,6.500000000000002,UTAH,34,522000,1934
SMALLPOX,0.0,VERMONT,0,357000,1934
SMALLPOX,1.28,VIRGINIA,32,2485000,1934
SMALLPOX,33.97999999999999,WASHINGTON,547,1610000,1934
SMALLPOX,0.6300000000000001,WEST VIRGINIA,11,1771000,1934
SMALLPOX,33.12,WISCONSIN,1010,3054000,1934
SMALLPOX,45.93999999999999,WYOMING,107,233000,1934
MEASLES,265.3400000000002,ALABAMA,7214,2719000,1935
