Affirmative,Apprehended,Arrived,Country,Criminal,Defensive Asylum,Inadmissable,Legal permanant residences.Birth,Legal permanant residences.Last Residence,Naturalizations (Birth),Non-criminal,Nonimmigrant Admissions.Birth,Nonimmigrant Admissions.Last Residence,Year
-1,1486,-1,Canada,462,4,41861,21878,29930,7815,1099,231171,527264,2005
-1,-1,-1,East Timor,-1,-1,-1,-1,-1,-1,-1,18,43,2005
-1,-1,-1,Sao Tome and Principe,-1,-1,-1,8,-1,-1,-1,80,79,2005
-1,-1,-1,Guernsey,-1,-1,-1,-1,-1,-1,-1,-1,-1,2005
21,0,-1,Turkmenistan,-1,13,7,148,-1,59,-1,600,572,2005
-1,-1,-1,Other South America,-1,-1,-1,-1,12,-1,-1,-1,-1,2005
26,122,-1,Serbia and Montenegro,35,228,170,5202,-1,5857,110,6835,3842,2005
36,228,0,Unknown,1,74,1546,5303,-1,1270,86,180054,612036,2005
-1,62,-1,Lithuania,16,5,89,2417,-1,887,50,12831,11505,2005
23,104,9,Cambodia,28,29,94,4022,-1,4806,23,4829,4696,2005
471,206,1663,Ethiopia,19,266,148,10571,8378,4621,75,7656,5927,2005
-1,-1,-1,Aruba,-1,-1,-1,42,-1,39,-1,-1,23792,2005
-1,-1,-1,Swaziland,-1,-1,19,16,-1,5,-1,462,521,2005
-1,296,-1,Argentina,95,10,571,7081,6945,1976,479,256680,235475,2005
3,329,-1,Bolivia,62,-1,266,2197,2164,1361,241,31606,28974,2005
393,45,6,Cameroon,8,263,178,1458,-1,661,53,7982,5318,2005
9,13,-1,Burkina Faso,3,5,46,128,-1,26,8,2169,1758,2005
4,165,-1,Ghana,76,4,330,6491,-1,3561,142,22988,17509,2005
5,40,-1,Saudi Arabia,5,6,115,1210,-1,397,15,20232,26217,2005
-1,-1,-1,Saint Helena,-1,-1,-1,-1,-1,-1,-1,-1,26,2005
-1,84,-1,Cape Verde,38,-1,32,1225,-1,933,9,2000,1559,2005
-1,-1,-1,Northern Mariana Islands,-1,-1,-1,-1,-1,-1,-1,-1,16,2005
-1,4,-1,Slovenia,3,-1,53,114,-1,58,5,15365,14173,2005
247,25909,-1,Guatemala,2143,140,1501,16818,16468,6250,12379,194638,200723,2005
127,67,-1,Guinea,24,257,103,495,-1,137,68,5190,3672,2005
28,309,0,Jordan,81,21,307,3748,5430,2464,142,23967,18325,2005
-1,-1,-1,Saint Barthelemy,-1,-1,-1,-1,-1,-1,-1,-1,-1,2005
-1,-1,-1,Cocos (Keeling) Island,-1,-1,-1,-1,-1,-1,-1,-1,11,2005
-1,43,-1,Spain,29,-1,1742,1888,2002,1256,37,507547,447603,2005
136,85,4289,Liberia,70,70,51,4880,1846,1548,28,1409,1132,2005
-1,10,-1,Netherlands,65,-1,26,116,2150,25,38,642261,44791,2005
9,1557,-1,Jamaica,1475,-1,1798,18345,17774,13674,548,222945,209813,2005
-1,-1,-1,Oman,-1,-1,11,101,-1,16,-1,2500,4363,2005
19,37,-1,Tanzania,5,7,88,829,-1,363,13,5051,4606,2005
-1,-1,-1,Martinique,-1,-1,-1,-1,-1,-1,-1,-1,6175,2005
-1,-1,-1,Bonaire,-1,-1,-1,-1,-1,-1,-1,-1,-1,2005
-1,-1,-1,Gabon,-1,-1,32,66,-1,18,-1,1775,1812,2005
-1,-1,-1,Niue,-1,0,-1,-1,-1,-1,-1,-1,21,2005
-1,-1,-1,Monaco,-1,-1,-1,7,-1,-1,-1,748,5345,2005
-1,-1,-1,Wallis and Futuna,-1,-1,-1,-1,-1,-1,-1,-1,243,2005
-1,25,-1,New Zealand,13,-1,948,1293,1457,444,22,231438,202453,2005
-1,67,-1,Yemen,23,10,51,3366,-1,814,53,1646,1468,2005
-1,-1,-1,Jersey,-1,-1,-1,-1,-1,-1,-1,-1,-1,2005
123,792,9,Pakistan,104,140,1461,14926,-1,9699,551,55976,40480,2005
93,253,-1,Albania,32,610,227,5947,-1,3830,204,8842,6619,2005
-1,20,-1,Samoa,15,-1,74,173,-1,165,6,1773,1473,2005
-1,22,-1,"Micronesia, Federated States",21,-1,24,6,-1,22,3,24470,15179,2005
-1,-1,-1,Macau,-1,-1,15,133,-1,195,-1,-1,3176,2005
-1,-1,-1,Norfolk Island,-1,-1,-1,-1,-1,-1,-1,-1,-1,2005
-1,33,-1,Australia,11,-1,851,3193,4090,1155,28,702108,653076,2005
-1,-1,-1,Guam,-1,-1,-1,-1,-1,-1,-1,-1,11081,2005
-1,-1,-1,Kosovo,-1,-1,-1,-1,-1,-1,-1,-1,-1,2005
72,770,-1,India,139,311,3153,84680,79139,35962,728,665260,496376,2005
34,16,299,Azerbaijan,-1,30,26,1523,-1,904,-1,2570,2467,2005
-1,-1,-1,Namibia,-1,-1,-1,63,-1,18,-1,1374,1464,2005
-1,-1,-1,Other America,-1,-1,-1,-1,1,-1,-1,-1,-1,2005
-1,-1,-1,Lesotho,-1,-1,-1,12,-1,4,-1,406,409,2005
-1,-1,-1,Congo (Brazzaville),-1,-1,-1,-1,-1,-1,-1,3223,2087,2005
-1,28,-1,Saint Vincent and the Grenadines,30,-1,104,625,-1,491,14,13952,9601,2005
0,6,-1,United Arab Emirates,0,-1,24,812,-1,197,-1,6929,28644,2005
131,146,-1,Kenya,36,54,201,5347,-1,1158,81,19244,17047,2005
0,8,-1,Tajikistan,-1,9,-1,207,-1,116,-1,762,727,2005
-1,-1,-1,Greenland,-1,-1,-1,-1,-1,-1,-1,-1,391,2005
16,392,-1,Turkey,26,12,328,4614,6449,2231,158,116470,100129,2005
14,55,902,Afghanistan,21,33,148,4749,-1,1464,16,1784,1090,2005
37,151,-1,Bangladesh,21,120,374,11487,-1,5503,124,14909,11364,2005
-1,-1,-1,Andorra,-1,-1,-1,-1,-1,-1,-1,825,1351,2005
44,33,3,Mauritania,0,193,40,275,-1,56,32,1339,868,2005
-1,-1,-1,Solomon Islands,-1,-1,0,3,-1,-1,-1,382,221,2005
-1,5,-1,Turks and Caicos Islands,0,-1,28,34,-1,21,3,-1,15770,2005
-1,44,-1,Saint Lucia,18,-1,116,832,-1,515,32,17566,16479,2005
-1,42,-1,Soviet Union (former),14,169,28,2899,-1,3668,8,-1,-1,2005
-1,-1,-1,Cyprus,-1,-1,32,196,-1,134,-1,9656,10976,2005
72,41,-1,Mongolia,-1,25,48,323,-1,41,-1,5956,5290,2005
-1,115,-1,France,45,-1,10397,4496,5035,2016,91,1309842,1125352,2005
51,5,183,Rwanda,-1,19,40,276,-1,123,-1,1639,1380,2005
-1,32,-1,Slovakia,5,-1,88,965,-1,362,32,25220,22687,2005
75,92,10405,Somalia,5,88,82,5829,-1,3238,35,328,89,2005
92,903,-1,Peru,304,59,1203,15676,15205,7904,916,216147,192201,2005
12,237,8517,Laos,4,19,55,1242,-1,5261,8,2336,2141,2005
-1,-1,-1,Nauru,-1,-1,-1,-1,-1,-1,-1,64,50,2005
-1,-1,-1,Seychelles,-1,-1,6,16,-1,8,-1,289,237,2005
-1,5,-1,Norway,3,-1,4201,423,472,136,5,163298,153800,2005
94,22,5,Cote d'Ivoire,6,111,139,930,-1,324,28,2381,1668,2005
-1,-1,-1,Cook Islands,-1,-1,-1,-1,-1,-1,-1,-1,523,2005
-1,9,-1,Benin,-1,-1,46,193,-1,56,-1,1932,1336,2005
-1,-1,-1,Korea,-1,-1,-1,-1,26002,-1,-1,-1,-1,2005
-1,-1,-1,Western Sahara,-1,-1,-1,-1,-1,-1,-1,-1,6,2005
71,4285,6360,Cuba,44,21,9043,36261,20651,11227,686,13443,14139,2005
-1,-1,-1,Not Specified,-1,-1,-1,-1,39299,-1,-1,-1,-1,2005
-1,-1,-1,Montenegro,-1,-1,-1,-1,-1,-1,-1,-1,-1,2005
204,12,72,Togo,4,102,58,1523,-1,291,23,1779,1390,2005
2235,2890,13,China,147,3014,4947,69933,64887,31708,1105,505479,285928,2005
163,82,86,Armenia,32,268,126,2591,-1,1737,88,5245,4905,2005
-1,-1,-1,Other Caribbean,-1,-1,-1,-1,12090,-1,-1,-1,-1,2005
-1,-1,-1,Congo (Kinshas),-1,-1,-1,-1,-1,-1,-1,192,177,2005
0,4586,-1,Dominican Republic,2308,-1,1556,27503,27365,20831,902,254113,253343,2005
-1,-1,-1,Other Central America,-1,-1,-1,-1,0,-1,-1,-1,-1,2005
62,154,2889,Ukraine,47,69,361,22745,-1,9343,121,41802,37124,2005
0,-1,-1,Bahrain,-1,-1,6,140,-1,57,-1,3593,5899,2005
-1,33,-1,Tonga,34,-1,65,309,-1,246,7,3642,2705,2005
-1,-1,-1,Finland,0,-1,354,574,549,431,8,113782,99786,2005
0,5,-1,Libya,-1,-1,24,223,-1,173,-1,757,659,2005
99,153,6,Indonesia,17,375,446,3924,-1,1234,358,78127,68218,2005
17,3,0,Central African Republic,-1,18,-1,24,-1,10,-1,387,379,2005
-1,-1,-1,Mauritius,-1,-1,74,99,-1,46,-1,2054,1531,2005
-1,23,-1,Sweden,13,-1,1161,1517,1792,980,21,345712,319711,2005
8,421,2009,Vietnam,11,8,598,32784,30832,32926,16,26815,24666,2005
-1,-1,-1,British Virgin Islands,-1,-1,18,41,-1,38,-1,-1,-1,2005
25,44,-1,Mali,4,18,54,277,-1,85,30,2646,2002,2005
236,195,5982,Russia,54,251,551,18055,20641,8297,135,139519,127987,2005
43,75,-1,Bulgaria,15,77,218,5635,5451,2906,67,36407,31795,2005
-1,-1,-1,"Virgin Islands, U.S.",-1,-1,-1,-1,-1,-1,-1,-1,750,2005
-1,-1,-1,United States,-1,-1,-1,183,-1,29,-1,-1,934668,2005
16,232,-1,Romania,27,18,490,7103,6431,4602,106,65123,56895,2005
5,10,21,Angola,0,6,73,188,-1,86,13,4807,4445,2005
-1,145,-1,Portugal,78,-1,1768,1125,1084,2403,45,103473,78150,2005
11,138,-1,South Africa,23,5,369,4536,4425,1495,50,120522,108742,2005
-1,-1,-1,Tokelau,-1,-1,-1,-1,-1,-1,-1,-1,-1,2005
23,29,-1,Fiji,18,35,168,1422,-1,1503,56,9878,7481,2005
-1,-1,-1,Liechtenstein,-1,-1,-1,-1,-1,-1,-1,1203,1403,2005
-1,-1,-1,Qatar,-1,-1,7,174,-1,66,-1,2351,4932,2005
6,51,-1,Malaysia,13,-1,203,2632,-1,1221,76,73537,56474,2005
-1,12,-1,Austria,-1,-1,348,532,3002,307,-1,156511,135780,2005
-1,-1,-1,Mozambique,-1,-1,-1,54,-1,50,-1,1048,1210,2005
48,17,10,Uganda,5,53,48,858,-1,340,19,5493,4630,2005
-1,50,-1,Hungary,12,-1,239,1567,1567,720,98,47441,44153,2005
10,19,-1,Niger,8,-1,46,126,-1,48,26,4487,4014,2005
-1,-1,-1,Isle of Man,-1,-1,-1,-1,-1,-1,-1,-1,-1,2005
25,67,61,Bosnia-Herzegovina,14,8,67,14074,-1,8921,9,7278,5668,2005
28,32103,-1,Brazil,1431,24,2627,16662,16329,4583,5666,636119,602819,2005
-1,-1,-1,San Marino,-1,-1,-1,-1,-1,-1,-1,538,546,2005
-1,-1,-1,Falkland Islands,-1,-1,-1,-1,-1,-1,-1,-1,85,2005
-1,-1,-1,Faroe Islands,-1,-1,-1,-1,-1,-1,-1,-1,-1,2005
-1,16,0,Kuwait,5,-1,37,1152,-1,846,8,15112,19713,2005
-1,131,-1,Panama,122,-1,260,1815,1869,1643,65,93344,104940,2005
-1,293,-1,Guyana,255,30,536,9317,8771,5543,141,27734,19636,2005
-1,1321,-1,Costa Rica,82,-1,611,2278,2479,1161,594,160273,171157,2005
-1,-1,-1,Luxembourg,-1,-1,25,35,-1,7,-1,9240,13919,2005
-1,-1,-1,American Samoa,-1,-1,-1,15,-1,294,-1,-1,1618,2005
-1,122,-1,Bahamas,120,-1,480,698,-1,343,33,284825,294744,2005
-1,-1,-1,Gibraltar,-1,-1,-1,-1,-1,-1,-1,-1,1732,2005
-1,53,-1,Ireland,13,-1,2189,2088,2083,1995,59,469878,411657,2005
-1,5,-1,Palau,6,-1,18,8,-1,18,0,14140,14508,2005
33,375,11,Nigeria,232,33,634,10597,-1,6894,248,64697,52546,2005
-1,-1,-1,Other Oceania,-1,-1,-1,-1,1885,-1,-1,-1,-1,2005
7,2048,-1,Ecuador,393,11,582,11608,11528,7091,1097,161243,161010,2005
-1,50,-1,Czech Republic,-1,-1,165,476,-1,102,-1,45671,43257,2005
-1,-1,-1,Brunei,-1,-1,-1,49,-1,13,-1,773,982,2005
112,28,445,Belarus,6,89,35,3503,-1,1549,19,9252,8165,2005
147,166,1856,Iran,17,143,655,13887,7306,11031,35,9576,6442,2005
6,39,-1,Algeria,9,23,136,1115,-1,722,30,4406,2980,2005
184,42885,-1,El Salvador,2827,65,1427,21359,20891,12174,5478,189340,188672,2005
-1,-1,-1,Tuvalu,-1,-1,0,-1,-1,-1,-1,222,184,2005
-1,-1,-1,Pitcairn Islands,-1,-1,-1,-1,-1,-1,-1,-1,7,2005
-1,-1,-1,Saint Pierre and Miquelon,-1,-1,-1,-1,-1,-1,-1,-1,49,2005
-1,5,-1,Marshall Islands,-1,-1,7,32,-1,4,-1,7403,5383,2005
60,18,43,"Congo, Republic",3,76,117,1064,-1,193,27,-1,-1,2005
-1,156,-1,Chile,61,-1,337,2404,2354,1183,164,134593,134524,2005
-1,-1,-1,Puerto Rico,-1,-1,-1,-1,-1,-1,-1,-1,4560,2005
-1,15,-1,Belgium,7,-1,400,859,1031,247,12,220043,224056,2005
-1,134,-1,Thailand,31,-1,249,5505,-1,4314,44,84699,83686,2005
2282,999,8,Haiti,591,653,1059,14524,13491,9740,613,85458,76092,2005
192,164,198,Iraq,8,94,206,4077,-1,3273,16,2999,2146,2005
-1,31,-1,Hong Kong,7,-1,392,3705,5004,4479,13,-1,146132,2005
44,63,829,Sierra Leone,16,82,53,2731,-1,1043,44,2257,1070,2005
37,45,11,Georgia,18,64,35,1389,-1,443,17,4266,3941,2005
29,79,0,Gambia,16,30,41,581,-1,189,45,2749,2352,2005
-1,348,-1,Poland,135,-1,851,15351,14836,9801,314,182712,172801,2005
-1,20,-1,Saint Kitts-Nevis,21,-1,56,342,-1,331,3,16497,14726,2005
16,20,1016,Moldova,4,6,51,3506,-1,927,8,4233,3550,2005
6,278,-1,Morocco,35,4,543,4411,4165,2628,73,18721,15697,2005
-1,13,39,Croatia,4,-1,70,1780,-1,1348,7,22413,18832,2005
-1,-1,-1,French Polynesia,-1,-1,12,19,-1,22,-1,-1,13758,2005
-1,-1,-1,Guinea-Bissau,-1,-1,-1,26,-1,10,-1,103,39,2005
-1,-1,-1,Kiribati,-1,-1,16,4,-1,-1,-1,820,1198,2005
-1,10,-1,Switzerland,5,-1,1566,1092,1465,541,12,271021,300497,2005
-1,23,-1,Grenada,27,-1,83,840,-1,649,11,11212,9667,2005
-1,-1,-1,Other Africa,-1,-1,-1,-1,50587,-1,-1,-1,-1,2005
-1,-1,0,"Korea, North",-1,-1,-1,-1,-1,-1,-1,60,18,2005
-1,149,-1,Belize,118,-1,198,876,901,704,101,24730,26400,2005
13,0,0,Chad,-1,10,48,31,-1,19,-1,478,456,2005
10,23,17,Estonia,4,6,24,438,-1,104,18,10113,9721,2005
-1,128,-1,Uruguay,23,-1,137,1154,1110,475,134,40228,39281,2005
85,1093340,-1,Mexico,70779,34,92760,161445,157992,77089,98252,4774169,4766919,2005
25,125,-1,Lebanon,38,23,380,4282,-1,3288,111,23202,17357,2005
-1,604,-1,"Korea, South",113,-1,2459,26562,-1,19223,288,876563,767671,2005
-1,-1,-1,"Virgin Islands, British",-1,-1,-1,-1,-1,-1,-1,-1,36957,2005
74,130,271,Uzbekistan,8,95,59,2887,-1,1588,48,6535,6019,2005
-1,3,-1,Iceland,-1,-1,629,135,-1,82,-1,41878,38578,2005
0,-1,-1,Djibouti,-1,-1,9,50,-1,17,-1,213,187,2005
-1,4,-1,Bermuda,0,-1,88,116,-1,58,0,-1,24146,2005
-1,44,-1,Dominica,17,-1,49,198,-1,543,11,6401,7683,2005
2214,1545,323,Colombia,1367,1151,1311,25566,24705,11396,1227,412271,368464,2005
-1,-1,-1,Reunion,-1,-1,-1,-1,-1,-1,-1,-1,310,2005
17,-1,214,Burundi,-1,11,23,186,-1,56,-1,861,687,2005
-1,51,-1,Taiwan,18,-1,500,9196,9389,8295,50,340759,348405,2005
8,4272,-1,Nicaragua,356,16,452,3305,3196,5080,936,50371,51471,2005
-1,67,-1,Barbados,55,-1,144,846,-1,778,10,58826,63380,2005
0,-1,-1,Madagascar,-1,-1,24,60,-1,29,-1,1015,992,2005
-1,104,-1,Italy,73,-1,6866,3066,3179,2511,71,810141,659849,2005
-1,-1,-1,Curacao,-1,-1,-1,-1,-1,-1,-1,-1,-1,2005
-1,-1,0,Bhutan,-1,-1,-1,30,-1,6,-1,451,391,2005
59,81,2205,Sudan,4,55,72,5231,-1,1551,13,1534,853,2005
237,33,0,Nepal,8,85,90,3158,-1,417,30,11690,9843,2005
-1,-1,-1,Malta,-1,-1,36,74,-1,67,-1,6391,6381,2005
-1,-1,-1,Comoros,-1,-1,-1,6,-1,-1,-1,106,92,2005
-1,-1,-1,Maldives,-1,-1,-1,6,-1,-1,-1,291,278,2005
-1,30,-1,Antigua-Barbuda,26,-1,59,440,-1,371,8,22401,24785,2005
-1,8,-1,Suriname,6,-1,6,300,287,125,18,6025,6815,2005
-1,-1,-1,Cayman Islands,-1,-1,37,37,-1,8,-1,-1,66414,2005
-1,-1,-1,Anguilla,-1,-1,9,35,-1,27,-1,-1,5700,2005
-1,-1,-1,Other Europe,-1,-1,-1,-1,38918,-1,-1,-1,-1,2005
-1,-1,-1,Holy See,-1,-1,-1,-1,-1,-1,-1,141,59,2005
7,322,-1,Israel,84,17,975,5755,6963,2436,200,339459,320020,2005
952,301,-1,Venezuela,144,153,702,10645,10870,2659,254,396845,402591,2005
-1,12,-1,Czechoslovakia,10,-1,96,784,2182,490,97,-1,-1,2005
84,44,38,All other countries,11,122,64,50,-1,37,41,-1,-1,2005
-1,-1,-1,Papua New Guinea,-1,-1,6,44,-1,10,-1,681,901,2005
-1,7,-1,Malawi,4,-1,7,131,-1,60,6,1744,1601,2005
-1,448,-1,Trinidad and Tobago,307,-1,711,6568,-1,4832,148,151940,148013,2005
203,32,-1,Zimbabwe,5,58,90,923,-1,260,29,7832,5675,2005
-1,159,-1,Germany,79,-1,3761,9264,12864,3811,90,1711433,1590648,2005
-1,-1,-1,Vanuatu,-1,-1,0,-1,-1,-1,-1,154,313,2005
-1,8,-1,Denmark,6,-1,1473,718,714,154,8,212501,191121,2005
9,66,-1,Senegal,22,26,138,913,-1,401,69,8235,6227,2005
10,14,80,Kazakhstan,3,13,33,2223,-1,726,15,8044,7297,2005
12,600,-1,Philippines,357,26,1636,60746,57654,36673,398,271541,234547,2005
141,88,327,Eritrea,-1,68,53,796,-1,692,-1,1518,1051,2005
13,12,38,Kyrgyzstan,-1,12,12,656,-1,217,-1,1462,1320,2005
-1,-1,-1,Mayotte,-1,-1,-1,-1,-1,-1,-1,-1,-1,2005
-1,4,-1,Montserrat,-1,-1,-1,50,-1,78,-1,-1,888,2005
-1,-1,-1,New Caledonia,-1,-1,-1,5,-1,-1,-1,-1,1763,2005
-1,44,-1,Macedonia,-1,21,47,1070,-1,651,-1,5233,4314,2005
-1,18,-1,Paraguay,11,-1,59,516,523,202,46,14161,14932,2005
-1,14,25,Latvia,7,4,44,768,-1,348,21,11888,11291,2005
-1,-1,-1,South Sudan,-1,-1,-1,-1,-1,-1,-1,-1,-1,2005
-1,41,-1,Japan,12,-1,3184,8768,9929,2154,34,4400400,4280788,2005
19,113,7,Syria,15,11,133,2831,3350,2252,44,6379,4704,2005
-1,-1,-1,Other Asia,-1,-1,-1,-1,80643,-1,-1,-1,-1,2005
-1,-1,-1,Guadeloupe,-1,-1,-1,-1,-1,-1,-1,-1,9247,2005
-1,-1,-1,Sint Maarten,-1,-1,-1,-1,-1,-1,-1,-1,-1,2005
98,9,1447,Burma,5,166,96,2095,-1,1360,7,1816,1178,2005
16,55756,0,Honduras,2704,67,853,7012,6825,3953,12868,111009,112179,2005
-1,-1,25,Equatorial Guinea,-1,-1,-1,10,-1,4,-1,179,184,2005
143,291,0,Egypt,47,194,401,7905,10296,4061,186,34659,29644,2005
-1,13,-1,Singapore,12,-1,246,1204,-1,338,18,105463,126714,2005
-1,-1,38,Serbia,-1,-1,-1,-1,-1,-1,-1,-1,-1,2005
-1,-1,-1,Botswana,-1,-1,8,54,-1,9,-1,2102,2912,2005
-1,297,-1,United Kingdom,218,-1,11804,19800,21956,8087,213,5087129,4815801,2005
-1,-1,-1,Christmas Island,-1,-1,-1,-1,-1,-1,-1,-1,7,2005
-1,-1,-1,Yugoslavia,-1,-1,-1,-1,19249,-1,-1,-1,-1,2005
-1,85,-1,Tunisia,12,-1,224,495,-1,226,27,5448,4634,2005
-1,29,-1,Greece,24,8,267,1070,1473,1075,26,66727,58821,2005
16,46,0,Sri Lanka,4,74,483,1894,-1,927,81,14668,10785,2005
-1,-1,-1,French Guiana,-1,-1,-1,-1,-1,-1,-1,-1,280,2005
13,22,-1,Zambia,6,-1,51,499,-1,159,10,3788,3576,2005
-1,1200,-1,Canada,423,9,41757,18207,23913,9607,990,247828,565825,2006
-1,-1,-1,East Timor,-1,-1,-1,-1,-1,-1,-1,11,17,2006
-1,-1,-1,Sao Tome and Principe,-1,-1,-1,6,-1,-1,-1,56,77,2006
-1,-1,-1,Guernsey,-1,-1,-1,-1,-1,-1,-1,-1,-1,2006
26,6,-1,Turkmenistan,-1,23,6,248,-1,75,-1,659,577,2006
-1,-1,-1,Other South America,-1,-1,-1,-1,13,-1,-1,-1,-1,2006
30,176,-1,Serbia and Montenegro,29,179,159,5891,-1,5555,76,5884,3202,2006
41,676,0,Unknown,8,87,1005,2734,-1,880,69,146610,642293,2006
-1,47,-1,Lithuania,15,18,84,1885,-1,964,48,12781,11101,2006
13,124,9,Cambodia,11,20,39,5773,-1,4778,16,4132,4038,2006
444,346,1271,Ethiopia,48,345,152,16152,13390,5397,57,9096,7242,2006
-1,-1,-1,Aruba,-1,-1,-1,51,-1,44,-1,-1,25213,2006
-1,-1,-1,Swaziland,-1,-1,10,11,-1,10,-1,452,499,2006
-1,293,-1,Argentina,88,9,411,7327,7239,2695,369,275778,254371,2006
-1,310,-1,Bolivia,61,-1,272,4025,4000,1630,291,31341,29061,2006
245,79,29,Cameroon,11,357,176,2919,-1,771,49,8558,5783,2006
13,13,-1,Burkina Faso,3,13,57,221,-1,51,14,2507,2081,2006
5,251,-1,Ghana,69,6,296,9367,-1,4760,118,20677,15157,2006
7,130,-1,Saudi Arabia,4,13,118,1542,-1,511,19,31733,35717,2006
-1,-1,-1,Saint Helena,-1,-1,-1,-1,-1,-1,-1,-1,18,2006
-1,57,-1,Cape Verde,30,-1,29,1780,-1,1126,7,2362,1590,2006
-1,-1,-1,Northern Mariana Islands,-1,-1,-1,-1,-1,-1,-1,-1,11,2006
-1,3,-1,Slovenia,-1,-1,32,115,-1,61,-1,15443,14096,2006
474,25144,-1,Guatemala,3850,161,1470,24133,23674,6551,16677,199623,205563,2006
95,64,-1,Guinea,18,356,123,1110,-1,194,60,4495,3124,2006
17,338,0,Jordan,75,27,333,4038,5512,2634,115,24540,18857,2006
-1,-1,-1,Saint Barthelemy,-1,-1,-1,-1,-1,-1,-1,-1,-1,2006
-1,-1,-1,Cocos (Keeling) Island,-1,-1,-1,-1,-1,-1,-1,-1,7,2006
-1,32,-1,Spain,25,-1,567,1971,2387,1465,34,543757,479682,2006
71,137,2346,Liberia,39,59,56,6887,3736,2193,25,1299,1095,2006
-1,4,-1,Netherlands,47,-1,23,100,1928,33,42,646025,48999,2006
7,1350,-1,Jamaica,1234,-1,1490,24976,24538,18953,428,269980,255243,2006
-1,-1,-1,Oman,-1,-1,6,155,-1,23,-1,2281,4253,2006
4,49,-1,Tanzania,5,17,53,949,-1,490,15,5231,4980,2006
-1,-1,-1,Martinique,-1,-1,-1,-1,-1,-1,-1,-1,5613,2006
-1,-1,-1,Bonaire,-1,-1,-1,-1,-1,-1,-1,-1,-1,2006
-1,4,-1,Gabon,-1,-1,28,85,-1,23,0,1560,1631,2006
-1,-1,-1,Niue,-1,0,-1,-1,-1,-1,-1,-1,11,2006
-1,-1,-1,Monaco,-1,-1,-1,-1,-1,-1,-1,857,5682,2006
-1,-1,-1,Wallis and Futuna,-1,-1,-1,-1,-1,-1,-1,-1,173,2006
-1,19,-1,New Zealand,11,-1,381,1100,1344,440,21,238215,211267,2006
7,64,11,Yemen,16,10,92,4308,-1,989,31,2112,1792,2006
-1,-1,-1,Jersey,-1,-1,-1,-1,-1,-1,-1,-1,-1,2006
93,721,20,Pakistan,94,178,1341,17418,-1,10411,473,53462,39190,2006
43,350,-1,Albania,32,497,142,7914,-1,3964,220,8118,5975,2006
-1,21,-1,Samoa,3,-1,63,283,-1,201,4,2061,1558,2006
-1,24,-1,"Micronesia, Federated States",23,-1,36,12,-1,41,7,18458,12065,2006
-1,-1,-1,Macau,-1,-1,3,189,-1,163,-1,-1,3169,2006
-1,-1,-1,Norfolk Island,-1,-1,-1,-1,-1,-1,-1,-1,-1,2006
-1,28,-1,Australia,20,-1,719,3249,3770,1240,34,750504,694222,2006
-1,-1,-1,Guam,-1,-1,-1,-1,-1,-1,-1,-1,9844,2006
-1,-1,-1,Kosovo,-1,-1,-1,-1,-1,-1,-1,-1,-1,2006
52,769,-1,India,150,450,2907,61369,58072,47542,898,761257,571608,2006
28,13,77,Azerbaijan,-1,27,10,2371,-1,997,-1,3142,3016,2006
-1,-1,-1,Namibia,-1,-1,-1,56,-1,17,-1,1365,1444,2006
-1,-1,-1,Other America,-1,-1,-1,-1,2,-1,-1,-1,-1,2006
-1,-1,-1,Lesotho,-1,-1,-1,18,-1,7,-1,403,374,2006
-1,-1,-1,Congo (Brazzaville),-1,-1,-1,-1,-1,-1,-1,3017,2024,2006
-1,16,-1,Saint Vincent and the Grenadines,14,-1,96,756,-1,624,7,14276,9781,2006
0,35,-1,United Arab Emirates,0,-1,21,1006,-1,277,10,7592,34055,2006
84,176,5,Kenya,36,60,175,8779,-1,1636,61,19607,17101,2006
0,13,-1,Tajikistan,0,4,0,239,-1,147,-1,896,834,2006
-1,-1,-1,Greenland,-1,-1,-1,-1,-1,-1,-1,-1,565,2006
9,250,-1,Turkey,25,34,391,4941,6433,2742,133,121157,103673,2006
9,53,651,Afghanistan,12,25,179,3417,-1,2018,8,2020,1415,2006
36,190,-1,Bangladesh,22,113,319,14644,-1,6683,129,14224,10441,2006
-1,-1,-1,Andorra,-1,-1,-1,-1,-1,-1,-1,858,1390,2006
17,46,88,Mauritania,3,219,22,720,-1,106,43,1211,762,2006
-1,-1,-1,Solomon Islands,-1,-1,-1,5,-1,-1,-1,319,217,2006
-1,-1,-1,Turks and Caicos Islands,0,-1,36,52,-1,30,0,-1,20289,2006
-1,45,-1,Saint Lucia,13,-1,85,1212,-1,623,22,18797,17446,2006
-1,96,-1,Soviet Union (former),5,188,31,6229,-1,3831,3,-1,-1,2006
-1,-1,-1,Cyprus,-1,-1,28,180,-1,140,-1,8942,10327,2006
56,44,-1,Mongolia,4,39,95,497,-1,60,44,7004,6049,2006
-1,75,-1,France,35,-1,3532,4357,4945,2506,89,1192209,1002087,2006
65,4,112,Rwanda,-1,24,47,502,-1,178,-1,1959,1660,2006
-1,15,-1,Slovakia,5,-1,94,1111,-1,479,30,27403,24403,2006
58,122,10357,Somalia,5,116,85,9462,-1,4242,34,223,58,2006
59,1020,-1,Peru,314,88,1200,21718,21300,10063,1024,199288,173953,2006
13,199,830,Laos,-1,11,50,2892,-1,4114,-1,2696,2503,2006
-1,-1,-1,Nauru,-1,-1,-1,-1,-1,-1,-1,83,70,2006
-1,-1,-1,Seychelles,-1,-1,4,15,-1,22,-1,285,221,2006
-1,7,-1,Norway,5,-1,219,481,532,145,10,173365,162861,2006
73,62,23,Cote d'Ivoire,8,159,111,2067,-1,491,33,3290,2432,2006
-1,-1,-1,Cook Islands,-1,-1,-1,-1,-1,-1,-1,-1,409,2006
-1,8,-1,Benin,4,-1,61,275,-1,64,7,2375,1642,2006
-1,-1,-1,Korea,-1,-1,-1,-1,24472,-1,-1,-1,-1,2006
-1,-1,-1,Western Sahara,-1,-1,-1,-1,-1,-1,-1,-1,17,2006
50,5088,3143,Cuba,39,26,10401,45614,44248,21481,85,10606,10964,2006
-1,-1,-1,Not Specified,-1,-1,-1,-1,16315,-1,-1,-1,-1,2006
-1,-1,-1,Montenegro,-1,-1,-1,-1,-1,-1,-1,-1,-1,2006
89,29,18,Togo,7,145,46,1720,-1,536,16,1563,1175,2006
1550,2987,21,China,132,4048,3227,87307,83590,35387,1230,596171,346824,2006
155,78,87,Armenia,27,289,67,6317,-1,1605,70,5137,4850,2006
-1,-1,-1,Other Caribbean,-1,-1,-1,-1,16069,-1,-1,-1,-1,2006
-1,-1,-1,Congo (Kinshas),-1,-1,-1,-1,-1,-1,-1,477,432,2006
3,3713,-1,Dominican Republic,2206,-1,1540,38068,37997,22165,901,267324,266787,2006
-1,-1,-1,Other Central America,-1,-1,-1,-1,0,-1,-1,-1,-1,2006
40,193,2483,Ukraine,48,45,413,17140,-1,10184,126,51996,46913,2006
0,-1,-1,Bahrain,-1,-1,-1,148,-1,81,-1,3701,6218,2006
-1,43,-1,Tonga,23,-1,60,437,-1,235,9,3498,2546,2006
-1,-1,-1,Finland,-1,-1,60,542,513,532,-1,112950,98990,2006
3,10,-1,Libya,-1,-1,39,271,-1,142,-1,949,817,2006
433,488,10,Indonesia,22,314,797,4868,-1,1287,366,81705,71345,2006
5,5,23,Central African Republic,-1,10,-1,51,-1,14,-1,407,532,2006
-1,-1,-1,Mauritius,-1,-1,50,108,-1,65,-1,2376,1756,2006
-1,10,-1,Sweden,8,-1,283,1376,1579,984,17,347803,319774,2006
15,442,3039,Vietnam,19,10,504,30691,29701,29917,22,31458,28920,2006
-1,4,-1,British Virgin Islands,-1,-1,14,47,-1,54,-1,-1,-1,2006
28,120,-1,Mali,3,62,70,408,-1,118,21,3567,2847,2006
231,183,6003,Russia,44,203,430,13159,16190,9412,125,152463,140338,2006
34,69,-1,Bulgaria,10,72,230,4828,4690,3488,54,39495,34693,2006
-1,-1,-1,"Virgin Islands, U.S.",-1,-1,-1,-1,-1,-1,-1,-1,643,2006
-1,-1,-1,United States,-1,-1,-1,333,-1,57,-1,-1,977185,2006
16,309,-1,Romania,53,43,521,7137,6753,5484,135,70463,61886,2006
3,11,13,Angola,-1,16,24,272,-1,106,-1,5206,5144,2006
-1,106,-1,Portugal,93,-1,693,1409,1439,2638,53,108123,78373,2006
5,108,-1,South Africa,24,20,278,3201,3173,2225,45,119165,109124,2006
-1,-1,-1,Tokelau,-1,-1,-1,-1,-1,-1,-1,-1,-1,2006
18,54,-1,Fiji,19,45,153,2115,-1,1163,28,9944,7983,2006
-1,-1,-1,Liechtenstein,-1,-1,-1,-1,-1,-1,-1,1376,1676,2006
-1,-1,-1,Qatar,-1,-1,27,226,-1,59,-1,2789,6411,2006
4,104,-1,Malaysia,8,-1,178,2281,-1,1264,58,78050,60123,2006
-1,9,-1,Austria,-1,-1,200,524,1301,359,-1,157474,137134,2006
-1,-1,-1,Mozambique,-1,-1,-1,78,-1,62,-1,1074,1222,2006
33,36,20,Uganda,7,36,42,1372,-1,477,19,6073,5176,2006
-1,47,-1,Hungary,14,-1,162,1704,1690,955,61,47707,44522,2006
8,112,-1,Niger,8,10,44,116,-1,46,22,2781,2803,2006
-1,-1,-1,Isle of Man,-1,-1,-1,-1,-1,-1,-1,-1,-1,2006
17,66,16,Bosnia-Herzegovina,28,7,64,3789,-1,9686,14,7371,5829,2006
36,2957,-1,Brazil,563,33,2126,17903,17741,7028,3654,698808,663587,2006
-1,-1,-1,San Marino,-1,-1,-1,-1,-1,-1,-1,583,591,2006
-1,-1,-1,Falkland Islands,-1,-1,-1,-1,-1,-1,-1,-1,121,2006
-1,-1,-1,Faroe Islands,-1,-1,-1,-1,-1,-1,-1,-1,-1,2006
-1,80,0,Kuwait,-1,-1,36,1230,-1,903,-1,16518,21607,2006
-1,132,-1,Panama,114,-1,301,2418,2519,1930,95,95314,107812,2006
-1,243,-1,Guyana,174,16,412,9552,9010,7434,115,25331,17207,2006
-1,804,-1,Costa Rica,100,-1,575,3109,3459,1402,695,158216,168477,2006
-1,-1,-1,Luxembourg,-1,-1,7,28,-1,9,-1,9330,13952,2006
-1,-1,-1,American Samoa,-1,-1,-1,28,-1,247,-1,-1,1650,2006
-1,101,-1,Bahamas,68,-1,500,847,-1,574,23,351244,366271,2006
-1,-1,-1,Gibraltar,-1,-1,-1,-1,-1,-1,-1,-1,1652,2006
-1,52,-1,Ireland,11,-1,762,1906,2038,1754,43,496662,435154,2006
-1,8,-1,Palau,11,-1,23,8,-1,36,0,9271,9978,2006
23,363,15,Nigeria,202,30,572,13459,-1,8652,216,61107,48567,2006
-1,-1,-1,Other Oceania,-1,-1,-1,-1,2886,-1,-1,-1,-1,2006
10,1931,-1,Ecuador,470,11,542,17489,17624,8321,1280,163917,162829,2006
-1,44,-1,Czech Republic,-1,-1,106,344,-1,122,-1,47169,44255,2006
-1,-1,-1,Brunei,-1,-1,-1,25,-1,13,-1,847,1055,2006
100,22,350,Belarus,7,106,50,3086,-1,1769,17,9938,8856,2006
139,215,2792,Iran,16,117,681,13947,9829,11363,43,10433,7111,2006
5,50,-1,Algeria,18,13,113,1300,-1,825,23,4633,3295,2006
498,46314,-1,El Salvador,3850,95,1683,31782,31258,13430,7200,176552,175672,2006
-1,-1,-1,Tuvalu,-1,-1,0,-1,-1,-1,-1,247,186,2006
-1,-1,-1,Pitcairn Islands,-1,-1,-1,-1,-1,-1,-1,-1,-1,2006
-1,-1,-1,Saint Pierre and Miquelon,-1,-1,-1,-1,-1,-1,-1,-1,38,2006
-1,4,-1,Marshall Islands,-1,-1,9,53,-1,14,0,5679,4665,2006
60,25,66,"Congo, Republic",3,89,99,1600,-1,369,23,-1,-1,2006
-1,190,-1,Chile,60,-1,296,2774,2727,1549,185,141658,142210,2006
-1,-1,-1,Puerto Rico,-1,-1,-1,-1,-1,-1,-1,-1,4655,2006
-1,16,-1,Belgium,4,-1,233,716,891,355,10,219727,221164,2006
-1,339,-1,Thailand,16,-1,244,11749,-1,4583,57,89431,88718,2006
2423,1215,0,Haiti,290,569,1270,22226,21625,15979,617,72518,62650,2006
180,170,202,Iraq,4,192,254,4337,-1,3614,17,2893,2022,2006
-1,22,-1,Hong Kong,8,-1,299,3256,4514,4263,7,-1,149580,2006
23,75,439,Sierra Leone,15,79,46,3572,-1,1683,20,2362,1232,2006
14,50,4,Georgia,7,59,20,2003,-1,628,35,4868,4505,2006
37,71,6,Gambia,7,46,60,897,-1,286,36,1969,1552,2006
-1,337,-1,Poland,116,-1,946,17051,16704,10230,334,182419,171179,2006
-1,24,-1,Saint Kitts-Nevis,22,-1,35,458,-1,483,3,16057,14367,2006
12,28,721,Moldova,6,-1,46,3036,-1,988,6,5764,4984,2006
3,287,-1,Morocco,26,8,368,4949,4704,3643,64,18296,15369,2006
-1,15,-1,Croatia,5,-1,66,945,-1,1623,10,23141,19477,2006
-1,-1,-1,French Polynesia,-1,-1,7,37,-1,16,-1,-1,14707,2006
-1,0,-1,Guinea-Bissau,-1,-1,-1,25,-1,14,-1,100,30,2006
-1,-1,-1,Kiribati,-1,-1,12,8,-1,-1,-1,722,1071,2006
-1,8,-1,Switzerland,10,-1,285,983,1199,539,5,284197,312378,2006
-1,28,-1,Grenada,20,-1,76,1068,-1,781,7,10976,9337,2006
-1,-1,-1,Other Africa,-1,-1,-1,-1,73934,-1,-1,-1,-1,2006
-1,-1,9,"Korea, North",-1,-1,-1,-1,-1,-1,-1,75,38,2006
-1,140,-1,Belize,112,-1,172,1252,1263,918,99,26195,27888,2006
19,4,4,Chad,-1,16,22,73,-1,18,0,532,487,2006
0,13,7,Estonia,4,-1,17,423,-1,156,19,10057,9590,2006
-1,110,-1,Uruguay,19,-1,99,1664,1639,579,123,40466,39001,2006
84,1057222,-1,Mexico,73171,49,90209,173749,170042,83979,113555,6146126,6121709,2006
10,262,-1,Lebanon,36,26,413,4083,-1,3393,118,24008,17975,2006
-1,519,-1,"Korea, South",115,-1,1726,24386,-1,17668,336,942350,827685,2006
-1,-1,-1,"Virgin Islands, British",-1,-1,-1,-1,-1,-1,-1,-1,40061,2006
88,147,527,Uzbekistan,5,95,38,4015,-1,1821,43,6480,5953,2006
-1,-1,-1,Iceland,-1,-1,28,145,-1,70,-1,49535,45861,2006
0,-1,-1,Djibouti,-1,-1,15,34,-1,18,-1,186,211,2006
-1,8,-1,Bermuda,0,-1,140,160,-1,72,-1,-1,28075,2006
-1,35,-1,Dominica,14,-1,50,471,-1,741,14,5897,7572,2006
2178,1647,115,Colombia,1307,782,1620,43144,42017,15698,1481,443781,399385,2006
-1,-1,-1,Reunion,-1,-1,-1,-1,-1,-1,-1,-1,226,2006
29,8,466,Burundi,-1,13,36,320,-1,71,-1,1098,977,2006
-1,44,-1,Taiwan,9,-1,431,8086,8545,8819,77,331490,338605,2006
20,3228,-1,Nicaragua,592,15,448,4145,4035,9283,1854,51032,52317,2006
-1,34,-1,Barbados,41,-1,104,959,-1,1006,5,60494,65211,2006
0,-1,-1,Madagascar,-1,-1,31,72,-1,36,-1,945,936,2006
-1,90,-1,Italy,78,-1,1681,3215,3406,2769,66,758899,617945,2006
-1,-1,-1,Curacao,-1,-1,-1,-1,-1,-1,-1,-1,-1,2006
8,-1,3,Bhutan,-1,-1,-1,78,-1,-1,-1,432,345,2006
48,74,1848,Sudan,5,45,79,5504,-1,2587,17,1877,1338,2006
211,48,-1,Nepal,8,165,70,3733,-1,575,22,14440,12409,2006
-1,-1,-1,Malta,-1,-1,56,70,-1,86,-1,5367,5287,2006
-1,-1,-1,Comoros,-1,-1,-1,7,-1,-1,-1,90,77,2006
-1,-1,-1,Maldives,-1,-1,-1,-1,-1,-1,-1,349,332,2006
-1,29,-1,Antigua-Barbuda,33,-1,56,570,-1,520,7,23416,26027,2006
-1,20,-1,Suriname,7,-1,13,314,341,222,14,5538,6191,2006
-1,-1,-1,Cayman Islands,-1,-1,35,65,-1,18,-1,-1,60831,2006
-1,-1,-1,Anguilla,-1,-1,13,32,-1,35,-1,-1,6919,2006
-1,-1,-1,Other Europe,-1,-1,-1,-1,38186,-1,-1,-1,-1,2006
-1,-1,-1,Holy See,-1,-1,-1,-1,-1,-1,-1,118,40,2006
4,267,-1,Israel,53,25,883,5943,6667,2905,144,339109,320050,2006
1080,255,-1,Venezuela,130,279,633,11341,11758,4476,314,393587,400659,2006
-1,33,-1,Czechoslovakia,16,-1,69,1442,2844,614,52,-1,-1,2006
61,50,28,All other countries,10,121,47,39,-1,27,45,-1,-1,2006
-1,-1,-1,Papua New Guinea,-1,-1,3,30,-1,12,-1,732,904,2006
-1,5,-1,Malawi,0,-1,13,131,-1,67,-1,1584,1468,2006
-1,320,-1,Trinidad and Tobago,248,-1,674,8854,-1,6612,150,159358,155305,2006
141,41,13,Zimbabwe,12,56,83,1049,-1,322,14,7599,5454,2006
-1,130,-1,Germany,61,-1,1369,8436,10271,4556,97,1704168,1568461,2006
-1,-1,-1,Vanuatu,-1,-1,-1,-1,-1,-1,-1,139,263,2006
-1,6,-1,Denmark,-1,-1,156,699,738,199,-1,228269,205880,2006
7,98,-1,Senegal,23,15,309,1367,-1,503,101,7360,5559,2006
16,40,124,Kazakhstan,3,25,45,2073,-1,872,12,10434,9695,2006
8,773,-1,Philippines,260,17,2162,74606,71133,40500,398,284065,247055,2006
112,83,538,Eritrea,3,96,30,1593,-1,653,7,1299,873,2006
9,14,15,Kyrgyzstan,-1,20,5,785,-1,246,-1,1788,1569,2006
-1,-1,-1,Mayotte,-1,-1,-1,-1,-1,-1,-1,-1,-1,2006
-1,-1,-1,Montserrat,-1,-1,-1,90,-1,96,-1,-1,965,2006
-1,-1,-1,New Caledonia,-1,-1,-1,7,-1,-1,-1,-1,1672,2006
8,48,-1,Macedonia,7,20,77,1317,-1,837,31,5929,4978,2006
-1,26,-1,Paraguay,6,-1,54,719,725,285,53,12517,12902,2006
-1,22,21,Latvia,4,12,64,892,-1,347,15,11938,11168,2006
-1,-1,-1,South Sudan,-1,-1,-1,-1,-1,-1,-1,-1,-1,2006
-1,33,-1,Japan,10,-1,1106,8265,9107,2192,43,4306800,4179874,2006
12,151,27,Syria,21,20,82,2918,3080,2395,49,6582,4673,2006
-1,-1,-1,Other Asia,-1,-1,-1,-1,107429,-1,-1,-1,-1,2006
-1,-1,-1,Guadeloupe,-1,-1,-1,-1,-1,-1,-1,-1,7716,2006
-1,-1,-1,Sint Maarten,-1,-1,-1,-1,-1,-1,-1,-1,-1,2006
94,26,1612,Burma,0,157,103,4562,-1,1486,14,2069,1376,2006
26,33394,0,Honduras,5752,65,851,8177,8036,4949,21308,109478,110599,2006
-1,-1,11,Equatorial Guinea,-1,-1,-1,13,-1,-1,-1,290,245,2006
176,354,-1,Egypt,30,239,333,10500,13163,4271,142,38115,32879,2006
-1,11,-1,Singapore,3,-1,128,997,-1,347,13,112581,135328,2006
-1,-1,11,Serbia,-1,-1,-1,-1,-1,-1,-1,-1,-1,2006
-1,-1,-1,Botswana,-1,-1,7,53,-1,17,-1,1906,2558,2006
-1,305,-1,United Kingdom,195,-1,4119,17207,19984,9104,190,4949151,4655995,2006
-1,-1,-1,Christmas Island,-1,-1,-1,-1,-1,-1,-1,-1,-1,2006
-1,-1,-1,Yugoslavia,-1,-1,-1,-1,11066,-1,-1,-1,-1,2006
-1,86,-1,Tunisia,8,-1,192,510,-1,315,25,5363,4474,2006
-1,36,-1,Greece,19,-1,211,1124,1544,1291,16,65840,58282,2006
15,67,6,Sri Lanka,6,85,389,2191,-1,1023,76,16331,12362,2006
-1,-1,-1,French Guiana,-1,-1,-1,-1,-1,-1,-1,-1,278,2006
6,22,-1,Zambia,7,-1,33,672,-1,239,7,3786,3627,2006
-1,767,-1,Canada,411,9,36595,15495,20324,8473,852,276399,634436,2007
-1,-1,-1,East Timor,-1,-1,-1,-1,-1,-1,-1,5,5,2007
-1,-1,-1,Sao Tome and Principe,-1,-1,-1,7,-1,-1,-1,63,72,2007
-1,-1,-1,Guernsey,-1,-1,-1,-1,-1,-1,-1,-1,-1,2007
15,9,-1,Turkmenistan,-1,12,-1,217,-1,58,-1,750,671,2007
-1,-1,-1,Other South America,-1,-1,-1,-1,10,-1,-1,-1,-1,2007
65,222,-1,Serbia and Montenegro,32,152,154,3586,-1,3382,105,4785,2339,2007
53,64,0,Unknown,4,84,689,1394,-1,648,39,153727,739283,2007
-1,55,-1,Lithuania,14,4,114,1361,-1,819,63,14569,12582,2007
11,79,15,Cambodia,17,13,52,4246,-1,4197,12,3851,3890,2007
514,144,1028,Ethiopia,78,352,170,12786,11340,5165,72,10964,8971,2007
-1,-1,-1,Aruba,-1,-1,-1,55,-1,36,-1,-1,26222,2007
-1,-1,-1,Swaziland,-1,-1,-1,13,-1,4,-1,406,440,2007
-1,227,-1,Argentina,76,15,297,5645,5375,2348,319,337511,318743,2007
3,189,-1,Bolivia,37,-1,355,2590,2326,1311,345,39206,36752,2007
305,79,5,Cameroon,10,205,170,3392,-1,611,53,9094,5977,2007
31,12,-1,Burkina Faso,4,20,30,238,-1,37,9,2674,2171,2007
10,239,-1,Ghana,88,8,218,7610,-1,3181,143,20903,15790,2007
-1,67,-1,Saudi Arabia,5,5,148,1171,-1,504,26,38087,42160,2007
-1,-1,-1,Saint Helena,-1,-1,-1,-1,-1,-1,-1,-1,34,2007
-1,48,-1,Cape Verde,50,-1,15,2048,-1,1223,11,2871,2226,2007
-1,-1,-1,Northern Mariana Islands,-1,-1,-1,-1,-1,-1,-1,-1,152,2007
-1,-1,-1,Slovenia,-1,-1,20,87,-1,60,-1,18922,17210,2007
539,23907,-1,Guatemala,3917,136,1391,17908,17198,8181,21981,213213,220041,2007
124,86,-1,Guinea,20,325,112,1088,-1,191,46,4619,3106,2007
25,318,3,Jordan,65,16,293,3917,5516,2125,147,27075,21117,2007
-1,-1,-1,Saint Barthelemy,-1,-1,-1,-1,-1,-1,-1,-1,-1,2007
-1,-1,-1,Cocos (Keeling) Island,-1,-1,-1,-1,-1,-1,-1,-1,10,2007
-1,28,-1,Spain,25,-1,534,1578,1810,1175,40,655788,579586,2007
58,99,1606,Liberia,43,53,72,4102,3771,1815,26,2228,2107,2007
-1,-1,-1,Netherlands,36,-1,12,93,1482,28,39,709357,48364,2007
12,804,-1,Jamaica,1139,4,1315,19375,18873,12314,351,293421,276989,2007
-1,-1,-1,Oman,-1,-1,4,103,-1,15,-1,2495,4769,2007
6,45,-1,Tanzania,8,16,47,832,-1,356,15,6247,5962,2007
-1,-1,-1,Martinique,-1,-1,-1,-1,-1,-1,-1,-1,7526,2007
-1,-1,-1,Bonaire,-1,-1,-1,-1,-1,-1,-1,-1,-1,2007
-1,10,-1,Gabon,-1,-1,29,95,-1,18,-1,1811,1780,2007
-1,-1,-1,Niue,-1,-1,-1,-1,-1,-1,-1,-1,17,2007
-1,-1,-1,Monaco,-1,-1,-1,6,-1,-1,-1,898,6126,2007
-1,-1,-1,Wallis and Futuna,-1,-1,-1,-1,-1,-1,-1,-1,116,2007
-1,19,-1,New Zealand,13,-1,274,1047,1234,447,22,234932,204320,2007
26,106,6,Yemen,17,8,69,2396,-1,734,47,1828,1498,2007
-1,-1,-1,Jersey,-1,-1,-1,-1,-1,-1,-1,-1,-1,2007
133,654,30,Pakistan,112,140,985,13492,-1,9147,433,55739,41334,2007
33,259,-1,Albania,23,421,106,5737,-1,2786,223,7902,5500,2007
-1,25,-1,Samoa,12,-1,51,290,-1,163,11,2418,1982,2007
-1,18,-1,"Micronesia, Federated States",35,-1,33,7,-1,41,8,275,1437,2007
-1,21,-1,Macau,-1,-1,6,178,-1,158,-1,-1,3368,2007
-1,-1,-1,Norfolk Island,-1,-1,-1,-1,-1,-1,-1,-1,-1,2007
-1,27,-1,Australia,21,-1,607,2518,3026,1067,31,813558,748489,2007
-1,-1,-1,Guam,-1,-1,-1,-1,-1,-1,-1,-1,5061,2007
-1,-1,-1,Kosovo,-1,-1,-1,-1,-1,-1,-1,-1,-1,2007
75,795,-1,India,125,359,3083,65353,55371,46871,707,1019766,791842,2007
16,15,78,Azerbaijan,-1,23,21,1166,-1,606,-1,3839,3647,2007
-1,-1,-1,Namibia,-1,-1,-1,57,-1,22,-1,1455,1573,2007
-1,-1,-1,Other America,-1,-1,-1,-1,0,-1,-1,-1,-1,2007
-1,-1,-1,Lesotho,-1,-1,-1,14,-1,11,-1,429,397,2007
-1,-1,-1,Congo (Brazzaville),-1,-1,-1,-1,-1,-1,-1,2764,1773,2007
-1,10,-1,Saint Vincent and the Grenadines,15,-1,109,567,-1,450,11,14640,9863,2007
0,8,-1,United Arab Emirates,0,-1,23,758,-1,253,5,8749,42485,2007
181,160,0,Kenya,43,51,142,7030,-1,1396,83,21843,19102,2007
3,15,-1,Tajikistan,0,5,3,172,-1,109,-1,1442,1323,2007
-1,-1,-1,Greenland,-1,-1,-1,-1,-1,-1,-1,-1,768,2007
16,221,-1,Turkey,35,23,458,4425,4728,2009,120,132942,114875,2007
43,28,441,Afghanistan,11,22,134,1753,-1,2013,16,2539,2011,2007
29,182,-1,Bangladesh,25,100,263,12074,-1,4746,113,13100,9485,2007
-1,-1,-1,Andorra,-1,-1,-1,-1,-1,-1,-1,912,1524,2007
12,62,62,Mauritania,4,174,19,651,-1,72,17,1123,642,2007
-1,-1,-1,Solomon Islands,-1,-1,-1,10,-1,-1,-1,304,313,2007
-1,3,-1,Turks and Caicos Islands,0,-1,26,31,-1,14,3,-1,25259,2007
-1,37,-1,Saint Lucia,27,-1,76,928,-1,506,19,19891,18153,2007
-1,43,-1,Soviet Union (former),-1,191,38,5090,-1,2813,-1,-1,-1,2007
-1,-1,-1,Cyprus,-1,-1,17,137,-1,109,-1,9637,11094,2007
104,54,-1,Mongolia,6,49,86,530,-1,53,40,6832,5870,2007
-1,69,-1,France,22,-1,2584,3494,3680,2011,78,1414627,1196097,2007
71,8,202,Rwanda,-1,22,28,357,-1,91,-1,2391,1923,2007
-1,23,-1,Slovakia,6,-1,72,763,-1,380,38,28049,24611,2007
76,98,6969,Somalia,3,109,109,6251,-1,3594,16,271,75,2007
44,944,-1,Peru,295,54,1065,17699,17056,7965,913,211340,186752,2007
34,117,117,Laos,-1,6,45,2575,-1,3787,-1,2988,2711,2007
-1,-1,-1,Nauru,-1,-1,-1,-1,-1,-1,-1,57,41,2007
-1,-1,-1,Seychelles,-1,-1,-1,7,-1,5,-1,290,251,2007
-1,7,-1,Norway,4,-1,171,343,388,105,5,199296,188472,2007
54,72,11,Cote d'Ivoire,4,135,109,1193,-1,382,26,3001,2095,2007
-1,-1,-1,Cook Islands,-1,-1,-1,-1,-1,-1,-1,-1,537,2007
-1,10,-1,Benin,3,-1,62,258,-1,61,4,2326,1666,2007
-1,-1,-1,Korea,-1,-1,-1,-1,21278,-1,-1,-1,-1,2007
-1,-1,-1,Western Sahara,-1,-1,-1,-1,-1,-1,-1,-1,9,2007
43,4931,2922,Cuba,26,26,12993,29104,25441,15394,50,11237,11137,2007
-1,-1,-1,Not Specified,-1,-1,-1,-1,42081,-1,-1,-1,-1,2007
-1,0,-1,Montenegro,0,-1,0,0,-1,0,0,-1,-1,2007
62,43,40,Togo,7,82,49,1565,-1,473,16,1689,1284,2007
1831,1623,27,China,97,4552,5257,76655,70924,33134,767,685026,432507,2007
205,60,29,Armenia,34,179,91,4351,-1,1495,40,4641,4108,2007
-1,-1,-1,Other Caribbean,-1,-1,-1,-1,12151,-1,-1,-1,-1,2007
-1,-1,-1,Congo (Kinshas),-1,-1,-1,-1,-1,-1,-1,996,851,2007
3,2118,-1,Dominican Republic,2044,5,1612,28024,27875,20645,946,301306,301790,2007
-1,-1,-1,Other Central America,-1,-1,-1,-1,0,-1,-1,-1,-1,2007
64,177,1605,Ukraine,36,40,1063,11001,-1,8594,126,63331,58226,2007
0,-1,-1,Bahrain,-1,-1,11,133,-1,56,-1,4334,7281,2007
-1,27,-1,Tonga,23,-1,64,438,-1,251,9,3683,2693,2007
-1,-1,-1,Finland,0,-1,58,426,385,359,-1,117829,103765,2007
0,8,-1,Libya,-1,-1,35,186,-1,136,-1,1680,1540,2007
567,536,0,Indonesia,39,211,1268,3716,-1,1213,395,86905,75497,2007
6,6,15,Central African Republic,-1,13,-1,52,-1,17,-1,339,420,2007
-1,-1,-1,Mauritius,-1,-1,44,88,-1,55,-1,2962,2074,2007
-1,19,-1,Sweden,10,-1,247,1145,1216,786,25,392293,361760,2007
11,212,1500,Vietnam,9,10,498,28691,27510,27921,18,42169,39120,2007
-1,0,-1,British Virgin Islands,-1,-1,36,40,-1,40,-1,-1,-1,2007
51,80,-1,Mali,4,60,51,412,-1,93,31,4055,3227,2007
285,194,1773,Russia,49,209,822,9426,11706,7660,139,176983,164228,2007
37,71,-1,Bulgaria,23,67,216,3981,3766,2621,57,42205,36934,2007
-1,-1,-1,"Virgin Islands, U.S.",-1,-1,-1,-1,-1,-1,-1,-1,614,2007
-1,-1,-1,United States,-1,-1,-1,171,-1,41,-1,-1,1033607,2007
26,196,-1,Romania,39,31,611,5802,5240,3986,161,74213,65085,2007
5,13,4,Angola,3,7,23,199,-1,105,14,6235,6136,2007
-1,70,-1,Portugal,80,-1,493,1019,1054,2506,44,124574,89246,2007
4,83,-1,South Africa,13,8,258,2988,2842,2069,32,124564,113924,2007
-1,-1,-1,Tokelau,-1,-1,-1,-1,-1,-1,-1,-1,-1,2007
27,45,-1,Fiji,21,24,140,1637,-1,1118,24,9755,7963,2007
-1,-1,-1,Liechtenstein,-1,-1,-1,-1,-1,-1,-1,1478,1765,2007
-1,-1,-1,Qatar,-1,-1,-1,138,-1,60,-1,3272,8052,2007
5,58,-1,Malaysia,21,-1,288,2149,-1,1217,44,82457,62697,2007
-1,7,-1,Austria,8,-1,136,485,849,292,5,168857,148588,2007
-1,-1,-1,Mozambique,-1,-1,-1,81,-1,45,-1,1011,1116,2007
78,49,38,Uganda,7,50,59,1122,-1,344,24,6976,5880,2007
-1,44,-1,Hungary,10,-1,189,1266,1208,788,75,51054,47762,2007
4,115,-1,Niger,20,10,41,97,-1,52,20,1426,1413,2007
-1,-1,-1,Isle of Man,-1,-1,-1,-1,-1,-1,-1,-1,-1,2007
13,60,-1,Bosnia-Herzegovina,29,18,69,1569,-1,8175,13,7412,5916,2007
43,2902,-1,Brazil,352,33,1938,14295,13546,5745,3858,784758,749025,2007
-1,-1,-1,San Marino,-1,-1,-1,-1,-1,-1,-1,557,548,2007
-1,-1,-1,Falkland Islands,-1,-1,-1,-1,-1,-1,-1,-1,80,2007
-1,-1,-1,Faroe Islands,-1,-1,-1,-1,-1,-1,-1,-1,-1,2007
-1,57,24,Kuwait,0,-1,35,1017,-1,755,7,20276,26195,2007
-1,112,-1,Panama,99,-1,221,1916,1929,1617,86,104641,120276,2007
-1,156,-1,Guyana,191,15,432,5726,5288,5631,102,25465,17134,2007
-1,377,-1,Costa Rica,88,-1,547,2540,2722,1227,567,176882,188135,2007
-1,-1,-1,Luxembourg,-1,-1,11,39,-1,9,-1,9939,15825,2007
-1,-1,-1,American Samoa,-1,-1,-1,11,-1,161,-1,-1,1410,2007
-1,62,-1,Bahamas,72,-1,565,738,-1,397,25,368687,387210,2007
-1,-1,-1,Gibraltar,-1,-1,-1,-1,-1,-1,-1,-1,1786,2007
-1,27,-1,Ireland,20,-1,683,1503,1599,1335,37,585915,519960,2007
-1,3,-1,Palau,6,-1,14,11,-1,40,0,234,3100,2007
28,351,20,Nigeria,241,39,436,12448,-1,6582,194,69985,55693,2007
-1,-1,-1,Other Oceania,-1,-1,-1,-1,2379,-1,-1,-1,-1,2007
14,1771,-1,Ecuador,392,10,508,12248,12011,7229,1172,179450,179944,2007
-1,42,-1,Czech Republic,8,-1,78,287,-1,122,33,52411,49474,2007
-1,-1,-1,Brunei,-1,-1,-1,32,-1,20,-1,998,1375,2007
85,17,219,Belarus,4,76,60,2328,-1,1401,17,10378,9018,2007
171,128,5482,Iran,9,108,577,10460,8098,10557,39,11181,7377,2007
-1,49,-1,Algeria,6,6,82,1036,-1,578,21,5151,3837,2007
417,19699,-1,El Salvador,4949,139,1133,21127,20009,17157,15096,179678,178822,2007
-1,-1,-1,Tuvalu,-1,-1,-1,-1,-1,-1,-1,283,218,2007
-1,-1,-1,Pitcairn Islands,-1,-1,-1,-1,-1,-1,-1,-1,5,2007
-1,-1,-1,Saint Pierre and Miquelon,-1,-1,-1,-1,-1,-1,-1,-1,61,2007
-1,3,-1,Marshall Islands,10,-1,8,48,-1,12,0,244,790,2007
72,21,206,"Congo, Republic",5,73,94,972,-1,287,12,-1,-1,2007
-1,135,-1,Chile,73,-1,292,2274,2202,1346,164,157973,160434,2007
-1,-1,-1,Puerto Rico,-1,-1,-1,-1,-1,-1,-1,-1,4490,2007
-1,8,-1,Belgium,4,-1,195,638,733,248,13,248107,250012,2007
-1,117,-1,Thailand,13,-1,327,8751,-1,4438,78,100105,99366,2007
1064,1004,0,Haiti,519,586,970,30405,29978,11552,973,101276,89990,2007
391,138,1608,Iraq,3,277,374,3765,-1,2967,24,2569,1720,2007
-1,21,-1,Hong Kong,4,-1,284,3527,4450,3871,24,-1,154211,2007
20,98,166,Sierra Leone,16,48,58,1999,-1,1485,35,2630,1615,2007
13,59,7,Georgia,17,27,75,1554,-1,514,36,4967,4522,2007
43,87,13,Gambia,10,59,32,826,-1,246,25,2022,1598,2007
-1,309,-1,Poland,112,-1,910,10355,9717,9320,298,183491,170132,2007
-1,10,-1,Saint Kitts-Nevis,-1,-1,37,347,-1,334,-1,15720,13914,2007
35,46,565,Moldova,6,7,35,1356,-1,1068,10,10382,9503,2007
3,183,-1,Morocco,27,4,356,4513,4311,2684,61,18856,15975,2007
-1,13,0,Croatia,6,-1,88,482,-1,1073,7,25435,21310,2007
-1,-1,-1,French Polynesia,-1,-1,0,27,-1,19,-1,-1,16739,2007
-1,-1,-1,Guinea-Bissau,-1,-1,-1,25,-1,5,-1,107,38,2007
-1,-1,-1,Kiribati,-1,-1,36,10,-1,-1,-1,737,947,2007
-1,12,-1,Switzerland,4,-1,190,705,885,501,12,303408,338847,2007
-1,15,-1,Grenada,19,-1,53,751,-1,511,9,11513,9785,2007
-1,-1,-1,Other Africa,-1,-1,-1,-1,56835,-1,-1,-1,-1,2007
-1,-1,22,"Korea, North",-1,-1,-1,-1,-1,-1,-1,50,33,2007
-1,113,-1,Belize,116,-1,156,1073,1089,799,117,27131,28739,2007
31,6,10,Chad,-1,21,22,74,-1,22,-1,652,598,2007
3,13,6,Estonia,8,13,37,368,-1,132,13,12785,12181,2007
-1,109,-1,Uruguay,31,-1,101,1418,1340,496,132,43423,42209,2007
103,854275,-1,Mexico,76967,49,87632,148640,143180,122258,132029,7405191,7332929,2007
50,195,-1,Lebanon,33,29,432,4267,-1,2779,95,28232,20869,2007
-1,307,-1,"Korea, South",123,-1,1588,22405,-1,17628,294,1028253,898194,2007
-1,-1,-1,"Virgin Islands, British",-1,-1,-1,-1,-1,-1,-1,-1,43725,2007
109,96,190,Uzbekistan,7,74,29,4665,-1,1148,39,5361,4777,2007
-1,3,-1,Iceland,-1,-1,33,95,-1,62,-1,52319,48571,2007
-1,-1,-1,Djibouti,-1,-1,12,23,-1,14,-1,204,210,2007
-1,3,-1,Bermuda,0,-1,155,108,-1,42,-1,-1,41254,2007
-1,34,-1,Dominica,29,-1,91,428,-1,539,20,5322,6742,2007
1492,1893,54,Colombia,1191,683,1696,33187,32055,12089,1802,492957,448429,2007
-1,-1,-1,Reunion,-1,-1,-1,-1,-1,-1,-1,-1,234,2007
26,3,4545,Burundi,-1,13,64,257,-1,95,-1,1059,866,2007
-1,34,-1,Taiwan,15,-1,494,8990,9053,7486,111,342971,347638,2007
20,2119,-1,Nicaragua,508,23,472,3716,3587,8164,1799,53641,54847,2007
-1,28,-1,Barbados,33,-1,97,689,-1,718,7,62107,66572,2007
0,-1,-1,Madagascar,-1,-1,20,53,-1,26,-1,1015,1061,2007
-1,60,-1,Italy,69,-1,1326,2569,2682,2217,89,890366,725447,2007
-1,-1,-1,Curacao,-1,-1,-1,-1,-1,-1,-1,-1,-1,2007
13,-1,0,Bhutan,-1,-1,-1,52,-1,10,-1,514,463,2007
84,38,705,Sudan,5,19,73,2930,-1,2785,8,2250,1680,2007
281,44,3,Nepal,5,131,65,3472,-1,638,38,15986,13646,2007
-1,-1,-1,Malta,-1,-1,30,53,-1,66,-1,6055,5917,2007
-1,-1,-1,Comoros,-1,-1,-1,7,-1,-1,-1,63,50,2007
-1,-1,-1,Maldives,-1,-1,23,9,-1,-1,-1,381,366,2007
-1,23,-1,Antigua-Barbuda,37,-1,53,415,-1,416,8,23037,25351,2007
-1,10,-1,Suriname,6,-1,14,197,193,159,6,6166,7095,2007
-1,0,-1,Cayman Islands,-1,-1,22,40,-1,9,-1,-1,70342,2007
-1,-1,-1,Anguilla,-1,-1,8,25,-1,37,-1,-1,8139,2007
-1,-1,-1,Other Europe,-1,-1,-1,-1,26218,-1,-1,-1,-1,2007
-1,-1,-1,Holy See,-1,-1,-1,-1,-1,-1,-1,113,55,2007
10,226,-1,Israel,53,18,816,4496,4999,2363,193,375482,357106,2007
834,314,-1,Venezuela,124,317,604,10692,10696,3575,358,470538,482807,2007
-1,42,-1,Czechoslovakia,12,-1,46,927,1851,449,40,-1,-1,2007
87,35,22,All other countries,10,106,48,23,-1,35,39,-1,-1,2007
-1,-1,-1,Papua New Guinea,-1,-1,4,31,-1,5,-1,599,788,2007
-1,7,-1,Malawi,-1,-1,10,123,-1,46,-1,1673,1569,2007
-1,210,-1,Trinidad and Tobago,234,-1,512,6829,-1,4514,129,171180,167780,2007
159,44,-1,Zimbabwe,-1,97,82,1057,-1,312,-1,7831,5334,2007
-1,84,-1,Germany,60,-1,1314,7582,8640,3617,105,1839544,1687963,2007
-1,-1,-1,Vanuatu,-1,-1,0,-1,-1,-1,-1,179,336,2007
-1,12,-1,Denmark,3,-1,117,517,505,170,11,261192,237139,2007
11,92,-1,Senegal,15,30,142,1024,-1,386,64,7696,6062,2007
23,35,45,Kazakhstan,-1,31,25,1604,-1,725,-1,13681,12901,2007
20,500,-1,Philippines,278,9,3506,72596,68792,38830,419,316241,275675,2007
152,100,963,Eritrea,6,120,26,1081,-1,553,5,1009,516,2007
22,-1,17,Kyrgyzstan,-1,7,10,597,-1,331,-1,2467,2149,2007
-1,-1,-1,Mayotte,-1,-1,-1,-1,-1,-1,-1,-1,-1,2007
-1,-1,-1,Montserrat,-1,-1,-1,66,-1,51,-1,-1,907,2007
-1,-1,-1,New Caledonia,-1,-1,-1,5,-1,-1,-1,-1,1614,2007
0,40,-1,Macedonia,8,27,48,1227,-1,597,26,7508,6428,2007
-1,21,-1,Paraguay,6,-1,67,545,518,234,43,14568,15114,2007
-1,16,17,Latvia,3,6,60,568,-1,327,16,13975,13104,2007
-1,-1,-1,South Sudan,-1,-1,-1,-1,-1,-1,-1,-1,-1,2007
-1,19,-1,Japan,11,-1,850,6748,7213,1934,27,4122044,3988552,2007
8,101,17,Syria,7,23,112,2385,2550,1799,33,7116,5183,2007
-1,-1,-1,Other Asia,-1,-1,-1,-1,80421,-1,-1,-1,-1,2007
-1,-1,-1,Guadeloupe,-1,-1,-1,-1,-1,-1,-1,-1,9007,2007
-1,-1,-1,Sint Maarten,-1,-1,-1,-1,-1,-1,-1,-1,-1,2007
127,18,13896,Burma,-1,129,546,3130,-1,1058,-1,2361,1556,2007
19,28265,0,Honduras,5236,86,870,7646,7300,4669,24501,127745,128407,2007
-1,7,14,Equatorial Guinea,-1,-1,-1,4,-1,6,-1,272,280,2007
194,269,3,Egypt,29,235,276,9267,10178,3231,116,43139,37072,2007
-1,14,-1,Singapore,5,-1,135,985,-1,315,11,120930,146288,2007
-1,-1,0,Serbia,0,-1,0,0,-1,0,0,-1,-1,2007
-1,-1,-1,Botswana,-1,-1,5,49,-1,4,-1,2228,2846,2007
-1,169,-1,United Kingdom,162,-1,3517,14545,16113,7752,216,5132789,4814810,2007
-1,-1,-1,Christmas Island,-1,-1,-1,-1,-1,-1,-1,-1,5,2007
-1,-1,-1,Yugoslavia,-1,-1,-1,-1,6364,-1,-1,-1,-1,2007
-1,60,-1,Tunisia,5,-1,166,417,-1,299,18,5725,4708,2007
-1,16,-1,Greece,13,12,233,882,1152,1200,17,71048,63145,2007
35,47,-1,Sri Lanka,6,89,328,1831,-1,1024,54,18846,14308,2007
-1,-1,-1,French Guiana,-1,-1,-1,-1,-1,-1,-1,-1,359,2007
9,25,-1,Zambia,13,-1,26,576,-1,212,12,3649,3508,2007
-1,1378,-1,Canada,347,-1,32381,15109,22366,12387,955,285359,684480,2008
-1,-1,-1,East Timor,-1,-1,-1,-1,-1,-1,-1,-1,-1,2008
-1,-1,-1,Sao Tome and Principe,-1,-1,-1,7,-1,-1,-1,78,68,2008
-1,-1,-1,Guernsey,-1,-1,-1,-1,-1,-1,-1,-1,-1,2008
13,11,-1,Turkmenistan,-1,15,4,274,-1,99,-1,706,626,2008
-1,-1,-1,Other South America,-1,-1,-1,-1,9,-1,-1,-1,-1,2008
52,302,-1,Serbia and Montenegro,30,152,259,3255,-1,3582,135,3737,1972,2008
92,1052,9,Unknown,10,66,421,1394,-1,1134,151,181007,745374,2008
-1,100,-1,Lithuania,13,-1,622,967,-1,969,56,15991,13650,2008
5,344,8,Cambodia,22,12,67,3713,-1,5869,18,3953,4040,2008
590,218,299,Ethiopia,32,315,214,12917,11703,7160,55,12468,10450,2008
-1,-1,-1,Aruba,-1,-1,-1,36,-1,55,-1,-1,28146,2008
-1,-1,-1,Swaziland,-1,-1,4,18,-1,8,-1,556,736,2008
-1,440,-1,Argentina,84,14,342,5353,5170,4170,306,383803,374359,2008
8,328,-1,Bolivia,54,-1,268,2436,2350,2807,222,41622,38919,2008
290,153,-1,Cameroon,12,161,130,3771,-1,967,54,9517,6459,2008
17,31,-1,Burkina Faso,6,23,28,238,-1,48,12,2767,2151,2008
6,414,-1,Ghana,61,12,267,8195,-1,4557,141,27125,22180,2008
8,87,-1,Saudi Arabia,11,5,148,1194,-1,615,21,46853,52305,2008
-1,-1,-1,Saint Helena,-1,-1,-1,-1,-1,-1,-1,-1,34,2008
-1,127,-1,Cape Verde,26,-1,37,1916,-1,1265,9,2966,2365,2008
-1,-1,-1,Northern Mariana Islands,-1,-1,-1,-1,-1,-1,-1,-1,166,2008
-1,4,-1,Slovenia,0,-1,21,79,-1,80,4,24812,22782,2008
378,33690,-1,Guatemala,5138,169,1715,16182,15791,17087,22389,224030,230837,2008
121,163,-1,Guinea,16,242,87,1735,-1,225,58,4324,3056,2008
23,437,0,Jordan,45,19,275,3936,5692,2632,116,27950,21707,2008
-1,-1,-1,Saint Barthelemy,-1,-1,-1,-1,-1,-1,-1,-1,-1,2008
-1,-1,-1,Cocos (Keeling) Island,-1,-1,-1,-1,-1,-1,-1,-1,24,2008
-1,91,-1,Spain,27,-1,605,1621,1970,1958,67,830812,742056,2008
63,271,992,Liberia,10,32,53,7193,3478,2468,16,1948,1840,2008
-1,15,-1,Netherlands,29,-1,14,78,1423,43,64,836900,51964,2008
19,3068,-1,Jamaica,1214,-1,1584,18477,18077,21324,414,281353,265136,2008
-1,-1,-1,Oman,-1,-1,4,70,-1,33,-1,2806,5599,2008
8,64,-1,Tanzania,12,5,67,838,-1,464,29,6736,6490,2008
-1,-1,-1,Martinique,-1,-1,-1,-1,-1,-1,-1,-1,9284,2008
-1,-1,-1,Bonaire,-1,-1,-1,-1,-1,-1,-1,-1,-1,2008
-1,7,-1,Gabon,-1,-1,20,82,-1,24,-1,2099,2118,2008
-1,-1,-1,Niue,-1,11,-1,-1,-1,-1,-1,-1,14,2008
-1,-1,-1,Monaco,-1,-1,-1,7,-1,-1,-1,1225,7185,2008
-1,-1,-1,Wallis and Futuna,-1,-1,-1,-1,-1,-1,-1,-1,180,2008
-1,45,-1,New Zealand,13,-1,225,893,1092,649,26,241458,207537,2008
18,90,0,Yemen,10,8,58,1872,-1,1080,34,1616,1338,2008
-1,-1,-1,Jersey,-1,-1,-1,-1,-1,-1,-1,-1,-1,2008
162,654,104,Pakistan,74,142,944,19719,-1,11813,309,57922,43538,2008
31,362,-1,Albania,34,324,145,5754,-1,2972,297,9939,7110,2008
-1,33,-1,Samoa,12,-1,71,227,-1,204,8,2305,1937,2008
-1,83,-1,"Micronesia, Federated States",56,-1,28,13,-1,62,8,201,1532,2008
-1,-1,-1,Macau,-1,-1,3,205,-1,181,-1,-1,3974,2008
-1,-1,-1,Norfolk Island,-1,-1,-1,-1,-1,-1,-1,-1,-1,2008
-1,52,-1,Australia,14,-1,542,2464,3031,1636,33,867121,795931,2008
-1,-1,-1,Guam,-1,-1,-1,-1,-1,-1,-1,-1,4991,2008
0,-1,-1,Kosovo,0,-1,0,0,-1,89,0,-1,-1,2008
102,1218,-1,India,164,272,5023,63352,59728,65971,768,1100401,863222,2008
10,30,30,Azerbaijan,-1,12,21,1071,-1,834,-1,4591,4411,2008
-1,-1,-1,Namibia,-1,-1,-1,46,-1,38,-1,1568,1766,2008
-1,-1,-1,Other America,-1,-1,-1,-1,1,-1,-1,-1,-1,2008
-1,-1,-1,Lesotho,-1,-1,-1,16,-1,6,-1,425,401,2008
-1,-1,-1,Congo (Brazzaville),-1,-1,-1,-1,-1,-1,-1,2950,2248,2008
-1,69,-1,Saint Vincent and the Grenadines,12,-1,97,568,-1,623,11,14545,9560,2008
-1,4,-1,United Arab Emirates,0,-1,32,693,-1,328,5,11165,51838,2008
216,325,0,Kenya,44,60,133,6998,-1,2218,96,23186,20444,2008
10,43,-1,Tajikistan,3,-1,8,231,-1,168,7,2372,2167,2008
-1,-1,-1,Greenland,-1,-1,-1,-1,-1,-1,-1,-1,585,2008
34,310,-1,Turkey,33,11,1082,4210,4953,2771,150,147837,128982,2008
45,74,576,Afghanistan,11,28,138,2813,-1,2650,20,2323,1845,2008
32,278,-1,Bangladesh,17,81,299,11753,-1,5345,98,13758,10369,2008
-1,-1,-1,Andorra,-1,-1,-1,-1,-1,-1,-1,1295,2045,2008
5,128,26,Mauritania,-1,94,31,844,-1,122,-1,1125,792,2008
-1,-1,-1,Solomon Islands,-1,-1,3,7,-1,-1,-1,333,349,2008
-1,17,-1,Turks and Caicos Islands,5,-1,35,35,-1,33,5,-1,26314,2008
-1,79,-1,Saint Lucia,16,-1,88,946,-1,779,14,19458,18011,2008
-1,110,-1,Soviet Union (former),6,173,159,5270,-1,3538,8,-1,-1,2008
-1,-1,-1,Cyprus,-1,-1,32,141,-1,160,-1,11003,12725,2008
77,80,-1,Mongolia,10,42,91,659,-1,129,40,6739,5776,2008
-1,124,-1,France,29,-1,1644,4935,5246,2835,124,1711342,1463998,2008
76,19,108,Rwanda,3,20,37,378,-1,101,4,2840,2286,2008
-1,45,-1,Slovakia,6,-1,66,653,-1,498,29,28702,24780,2008
70,201,2523,Somalia,-1,101,185,10745,-1,3816,-1,248,84,2008
43,1807,-1,Peru,337,52,1401,15184,14873,15016,938,227158,206606,2008
15,712,59,Laos,5,4,53,2198,-1,5553,15,2619,2418,2008
-1,-1,-1,Nauru,-1,-1,-1,-1,-1,-1,-1,100,81,2008
-1,-1,-1,Seychelles,-1,-1,8,16,-1,26,-1,363,294,2008
-1,13,-1,Norway,4,-1,179,350,386,153,16,244827,234819,2008
43,118,30,Cote d'Ivoire,10,92,101,1645,-1,479,33,3837,2886,2008
-1,-1,-1,Cook Islands,-1,-1,-1,-1,-1,-1,-1,-1,523,2008
-1,17,-1,Benin,3,-1,38,317,-1,79,11,2910,2209,2008
-1,-1,-1,Korea,-1,-1,-1,-1,26155,-1,-1,-1,-1,2008
-1,-1,-1,Western Sahara,-1,-1,-1,-1,-1,-1,-1,-1,4,2008
64,6676,4177,Cuba,32,23,11265,49500,48057,39871,33,15130,15200,2008
-1,-1,-1,Not Specified,-1,-1,-1,-1,18789,-1,-1,-1,-1,2008
-1,-1,-1,Montenegro,0,-1,0,0,-1,32,0,-1,-1,2008
39,53,204,Togo,4,63,34,1661,-1,673,26,1855,1428,2008
2037,2296,50,China,188,3457,13494,80271,75410,40017,689,753037,540617,2008
105,235,9,Armenia,43,149,72,3586,-1,2195,43,5694,5013,2008
-1,-1,-1,Other Caribbean,-1,-1,-1,-1,11287,-1,-1,-1,-1,2008
-1,-1,-1,Congo (Kinshas),-1,-1,-1,-1,-1,-1,-1,1269,1142,2008
-1,5470,-1,Dominican Republic,2046,-1,1819,31879,31801,35251,1186,276511,276677,2008
-1,-1,-1,Other Central America,-1,-1,-1,-1,0,-1,-1,-1,-1,2008
64,403,1022,Ukraine,62,59,4806,10813,-1,10992,120,75308,69768,2008
0,-1,-1,Bahrain,-1,-1,10,96,-1,85,-1,5287,8351,2008
-1,99,-1,Tonga,27,-1,52,365,-1,421,11,3110,2153,2008
-1,-1,-1,Finland,4,-1,80,302,287,549,7,140266,124750,2008
3,21,-1,Libya,-1,-1,71,285,-1,198,-1,4313,4152,2008
384,632,0,Indonesia,68,195,3974,3606,-1,1823,421,87917,76828,2008
12,9,56,Central African Republic,-1,13,-1,88,-1,19,-1,299,335,2008
-1,-1,-1,Mauritius,-1,-1,103,83,-1,70,-1,3491,2532,2008
-1,30,-1,Sweden,7,-1,233,1019,1171,1207,31,470303,437561,2008
21,1342,1112,Vietnam,8,7,733,31497,29807,39584,22,55251,51860,2008
-1,8,-1,British Virgin Islands,-1,-1,70,53,-1,67,-1,-1,-1,2008
35,127,-1,Mali,7,28,48,523,-1,124,26,4549,3643,2008
372,470,426,Russia,68,201,2753,11695,15179,10778,170,206629,193745,2008
48,121,-1,Bulgaria,11,48,348,2960,2805,3213,66,41793,36344,2008
-1,-1,-1,"Virgin Islands, U.S.",-1,-1,-1,-1,-1,-1,-1,-1,713,2008
-1,-1,-1,United States,-1,-1,-1,216,-1,67,-1,-1,1011283,2008
10,287,-1,Romania,50,56,1015,4930,4563,4515,166,76799,67100,2008
4,31,0,Angola,-1,8,39,221,-1,161,-1,6509,6577,2008
-1,234,-1,Portugal,87,-1,440,772,781,3988,71,143053,100269,2008
4,124,-1,South Africa,18,-1,289,2723,2638,2980,41,123725,115270,2008
-1,-1,-1,Tokelau,-1,-1,-1,-1,-1,-1,-1,-1,-1,2008
23,128,-1,Fiji,26,24,154,1176,-1,1508,45,10261,8342,2008
-1,-1,-1,Liechtenstein,-1,-1,-1,-1,-1,-1,-1,1701,1920,2008
-1,-1,-1,Qatar,-1,-1,5,151,-1,85,-1,4900,11794,2008
7,91,-1,Malaysia,11,-1,285,1945,-1,1705,41,85631,64938,2008
-1,12,-1,Austria,3,-1,136,443,1505,357,15,201070,179014,2008
-1,-1,-1,Mozambique,-1,-1,-1,69,-1,73,-1,1260,1452,2008
55,59,42,Uganda,10,33,53,1174,-1,541,18,8300,7248,2008
-1,80,-1,Hungary,19,-1,193,1127,1071,1089,76,53664,49874,2008
11,87,-1,Niger,7,8,24,107,-1,73,32,1243,1130,2008
-1,-1,-1,Isle of Man,-1,-1,-1,-1,-1,-1,-1,-1,-1,2008
9,108,0,Bosnia-Herzegovina,31,6,86,1491,-1,8176,14,7190,5743,2008
38,3889,-1,Brazil,368,31,1510,12195,11813,8808,3468,893186,877517,2008
-1,-1,-1,San Marino,-1,-1,-1,-1,-1,-1,-1,774,796,2008
-1,-1,-1,Falkland Islands,-1,-1,-1,-1,-1,-1,-1,-1,143,2008
-1,-1,-1,Faroe Islands,-1,-1,-1,-1,-1,-1,-1,-1,-1,2008
-1,27,-1,Kuwait,0,-1,31,1104,-1,1031,10,22305,28918,2008
-1,326,-1,Panama,99,-1,236,1678,1738,2870,91,111354,130199,2008
3,508,-1,Guyana,188,-1,432,6823,6302,8290,96,24862,16466,2008
-1,629,-1,Costa Rica,132,-1,501,2090,2287,2376,560,195459,207211,2008
-1,-1,-1,Luxembourg,-1,-1,-1,28,-1,17,-1,12918,20357,2008
-1,-1,-1,American Samoa,-1,-1,-1,14,-1,178,-1,-1,1384,2008
-1,269,-1,Bahamas,82,-1,509,682,-1,838,23,332571,353205,2008
-1,-1,-1,Gibraltar,-1,-1,-1,-1,-1,-1,-1,-1,2033,2008
-1,94,-1,Ireland,19,-1,536,1465,1499,2179,60,669638,600872,2008
-1,20,-1,Palau,6,-1,19,6,-1,62,4,202,2938,2008
36,680,76,Nigeria,209,28,579,12475,-1,8597,226,88732,73197,2008
-1,-1,-1,Other Oceania,-1,-1,-1,-1,1803,-1,-1,-1,-1,2008
11,3676,-1,Ecuador,532,13,577,11663,11541,11908,1798,174104,175195,2008
-1,96,-1,Czech Republic,13,-1,97,227,-1,192,39,59805,56679,2008
-1,-1,-1,Brunei,-1,-1,-1,18,-1,25,-1,1216,1586,2008
78,52,111,Belarus,9,80,83,2390,-1,1767,16,10719,9189,2008
328,239,5270,Iran,11,71,581,13852,9920,11813,29,11479,7423,2008
8,59,-1,Algeria,4,5,130,1037,-1,894,17,6215,4710,2008
314,27153,-1,El Salvador,5558,172,1064,19659,18937,35796,14492,164984,163772,2008
-1,-1,-1,Tuvalu,-1,-1,3,-1,-1,-1,-1,257,202,2008
-1,-1,-1,Pitcairn Islands,-1,-1,-1,-1,-1,-1,-1,-1,-1,2008
-1,-1,-1,Saint Pierre and Miquelon,-1,-1,-1,-1,-1,-1,-1,-1,43,2008
-1,15,-1,Marshall Islands,11,-1,14,39,-1,12,4,207,930,2008
53,59,197,"Congo, Republic",5,70,99,950,-1,306,17,-1,-1,2008
-1,255,-1,Chile,68,-1,309,2017,1988,2851,143,169166,173832,2008
-1,-1,-1,Puerto Rico,-1,-1,-1,-1,-1,-1,-1,-1,4131,2008
-1,16,-1,Belgium,-1,-1,146,642,829,716,-1,306492,309247,2008
-1,381,-1,Thailand,20,-1,558,6637,-1,6930,82,101622,101031,2008
729,2299,0,Haiti,416,530,1054,26007,25522,21229,1168,115591,103784,2008
586,222,13822,Iraq,7,410,360,4795,-1,5057,30,3351,2181,2008
-1,60,-1,Hong Kong,6,-1,229,3373,4389,4940,17,-1,156364,2008
21,158,99,Sierra Leone,7,47,46,2795,-1,2018,20,2892,1858,2008
20,105,20,Georgia,15,26,288,1620,-1,627,40,5341,4736,2008
50,126,6,Gambia,7,53,38,739,-1,330,19,2014,1594,2008
-1,602,-1,Poland,115,-1,1258,8354,7896,14237,383,186888,170534,2008
-1,41,-1,Saint Kitts-Nevis,8,-1,26,363,-1,529,6,15761,14041,2008
49,82,487,Moldova,9,16,52,1692,-1,1328,36,11402,10510,2008
-1,227,-1,Morocco,31,23,235,4425,4187,3383,30,21029,18427,2008
-1,23,0,Croatia,9,-1,232,455,-1,1251,15,27772,23035,2008
-1,-1,-1,French Polynesia,-1,-1,-1,26,-1,15,-1,-1,17169,2008
-1,7,-1,Guinea-Bissau,-1,-1,-1,17,-1,14,-1,241,35,2008
-1,-1,-1,Kiribati,-1,-1,99,4,-1,-1,-1,798,1025,2008
-1,22,-1,Switzerland,5,-1,197,720,936,658,15,339106,386291,2008
-1,56,-1,Grenada,17,-1,79,784,-1,850,11,11773,10166,2008
-1,-1,-1,Other Africa,-1,-1,-1,-1,68147,-1,-1,-1,-1,2008
-1,-1,37,"Korea, North",-1,-1,-1,-1,-1,-1,-1,-1,20,2008
-1,348,-1,Belize,109,-1,138,1077,1113,1291,104,26747,27967,2008
35,14,23,Chad,0,24,29,96,-1,22,7,522,466,2008
-1,34,6,Estonia,5,-1,37,287,-1,221,20,13179,12444,2008
-1,200,-1,Uruguay,49,-1,79,1451,1380,924,124,44087,43740,2008
176,884043,-1,Mexico,77531,73,79686,189989,188015,231815,169732,7273511,7215118,2008
44,236,-1,Lebanon,24,20,346,4254,-1,3399,84,28669,20879,2008
-1,545,-1,"Korea, South",116,-1,1738,26666,-1,22759,303,1007466,877374,2008
-1,-1,-1,"Virgin Islands, British",-1,-1,-1,-1,-1,-1,-1,-1,45031,2008
105,157,134,Uzbekistan,9,67,56,6375,-1,1377,47,5203,4547,2008
-1,8,-1,Iceland,-1,-1,25,122,-1,83,-1,57247,53319,2008
-1,-1,-1,Djibouti,-1,-1,6,39,-1,25,-1,283,282,2008
-1,14,-1,Bermuda,3,-1,154,92,-1,75,6,-1,46325,2008
-1,72,-1,Dominica,22,-1,97,454,-1,975,13,5821,7797,2008
1114,3619,94,Colombia,1081,548,1952,30213,29349,22926,1509,527451,484296,2008
-1,-1,-1,Reunion,-1,-1,-1,-1,-1,-1,-1,-1,562,2008
28,12,2889,Burundi,-1,12,19,255,-1,76,-1,1052,788,2008
-1,52,-1,Taiwan,24,-1,386,9073,9237,8711,57,332764,336190,2008
28,2801,-1,Nicaragua,533,23,428,3614,3486,17954,1724,57497,59044,2008
-1,90,-1,Barbados,39,-1,78,585,-1,1203,5,65434,70150,2008
-1,-1,-1,Madagascar,-1,-1,18,77,-1,43,-1,1267,1276,2008
-1,201,-1,Italy,74,-1,1153,2514,2738,2991,141,1086722,884439,2008
-1,-1,-1,Curacao,-1,-1,-1,-1,-1,-1,-1,-1,-1,2008
4,-1,5320,Bhutan,-1,-1,-1,42,-1,9,-1,801,728,2008
86,164,375,Sudan,4,30,92,3598,-1,2893,11,2319,1848,2008
347,102,4,Nepal,8,152,122,4093,-1,953,38,20924,18082,2008
-1,-1,-1,Malta,-1,-1,26,66,-1,71,-1,5556,5585,2008
-1,-1,-1,Comoros,-1,-1,-1,-1,-1,-1,-1,106,82,2008
-1,-1,-1,Maldives,-1,-1,74,-1,-1,-1,-1,403,398,2008
-1,69,-1,Antigua-Barbuda,23,-1,39,444,-1,661,5,22649,24953,2008
-1,28,-1,Suriname,4,-1,16,218,225,202,10,6926,8029,2008
-1,6,-1,Cayman Islands,-1,-1,32,37,-1,24,-1,-1,70826,2008
-1,-1,-1,Anguilla,-1,-1,4,22,-1,47,-1,-1,8851,2008
-1,-1,-1,Other Europe,-1,-1,-1,-1,25700,-1,-1,-1,-1,2008
-1,-1,-1,Holy See,-1,-1,-1,-1,-1,-1,-1,122,62,2008
13,298,-1,Israel,41,16,807,5851,6682,2933,217,388787,373942,2008
751,750,-1,Venezuela,120,306,584,10514,10689,6557,292,531685,556354,2008
-1,29,-1,Czechoslovakia,12,-1,67,862,1650,629,43,-1,-1,2008
79,83,28,All other countries,23,118,36,23,-1,59,48,-1,-1,2008
-1,-1,-1,Papua New Guinea,-1,-1,4,15,-1,14,-1,878,974,2008
-1,16,-1,Malawi,-1,-1,6,133,-1,64,-1,2054,1846,2008
-1,691,-1,Trinidad and Tobago,273,-1,635,5937,-1,7305,205,177916,175352,2008
197,72,3,Zimbabwe,3,68,94,953,-1,413,40,7968,5327,2008
-1,201,-1,Germany,63,-1,1079,7091,8456,4708,115,2119640,1950233,2008
-1,-1,-1,Vanuatu,-1,-1,13,-1,-1,-1,-1,213,408,2008
-1,17,-1,Denmark,-1,-1,141,498,551,210,-1,310371,284832,2008
10,158,-1,Senegal,20,18,118,1149,-1,566,67,9437,7870,2008
18,78,62,Kazakhstan,7,14,34,1630,-1,908,18,16515,15660,2008
16,1340,-1,Philippines,280,15,14032,54030,52391,58792,409,334894,292964,2008
182,217,251,Eritrea,4,120,17,1270,-1,694,6,841,318,2008
