12-17,12-20,18-25,26+,Rates.Alcohol.Abuse Past Year.12-17,Rates.Alcohol.Abuse Past Year.18-25,Rates.Alcohol.Abuse Past Year.26+,Rates.Alcohol.Binge Past Month.12-17,Rates.Alcohol.Binge Past Month.18-25,Rates.Alcohol.Binge Past Month.26+,Rates.Alcohol.Dependence Past Year.12-17,Rates.Alcohol.Dependence Past Year.18-25,Rates.Alcohol.Dependence Past Year.26+,Rates.Alcohol.In Minors.Abuse,Rates.Alcohol.In Minors.Use,Rates.Alcohol.Need Treatment Past Year.12-17,Rates.Alcohol.Need Treatment Past Year.18-25,Rates.Alcohol.Need Treatment Past Year.26+,Rates.Alcohol.Perceptions of Risk.12-17,Rates.Alcohol.Perceptions of Risk.18-25,Rates.Alcohol.Perceptions of Risk.26+,Rates.Alcohol.Use Past Month.12-17,Rates.Alcohol.Use Past Month.18-25,Rates.Alcohol.Use Past Month.26+,Rates.Illicit Drugs.Abuse Past Month.12-17,Rates.Illicit Drugs.Abuse Past Month.18-25,Rates.Illicit Drugs.Abuse Past Month.26+,Rates.Illicit Drugs.All Except Marijuana Used Past Month.12-17,Rates.Illicit Drugs.All Except Marijuana Used Past Month.18-25,Rates.Illicit Drugs.All Except Marijuana Used Past Month.26+,Rates.Illicit Drugs.Cocaine Used Past Year.12-17,Rates.Illicit Drugs.Cocaine Used Past Year.18-25,Rates.Illicit Drugs.Cocaine Used Past Year.26+,Rates.Illicit Drugs.Dependence Past Year.12-17,Rates.Illicit Drugs.Dependence Past Year.18-25,Rates.Illicit Drugs.Dependence Past Year.26+,Rates.Illicit Drugs.Need Treatment Past Year.12-17,Rates.Illicit Drugs.Need Treatment Past Year.18-25,Rates.Illicit Drugs.Need Treatment Past Year.26+,Rates.Illicit Drugs.Used Past Month.12-17,Rates.Illicit Drugs.Used Past Month.18-25,Rates.Illicit Drugs.Used Past Month.26+,Rates.Marijuana.New Users.12-17,Rates.Marijuana.New Users.18-25,Rates.Marijuana.New Users.26+,Rates.Marijuana.Perceptions of Risk.12-17,Rates.Marijuana.Perceptions of Risk.18-25,Rates.Marijuana.Perceptions of Risk.26+,Rates.Marijuana.Used Past Month.12-17,Rates.Marijuana.Used Past Month.18-25,Rates.Marijuana.Used Past Month.26+,Rates.Marijuana.Used Past Year.12-17,Rates.Marijuana.Used Past Year.18-25,Rates.Marijuana.Used Past Year.26+,Rates.Pain Relievers Abuse Past Year.12-17,Rates.Pain Relievers Abuse Past Year.18-25,Rates.Pain Relievers Abuse Past Year.26+,Rates.Tobacco.Cigarette Past Month.12-17,Rates.Tobacco.Cigarette Past Month.18-25,Rates.Tobacco.Cigarette Past Month.26+,Rates.Tobacco.Perceptions of Risk.12-17,Rates.Tobacco.Perceptions of Risk.18-25,Rates.Tobacco.Perceptions of Risk.26+,Rates.Tobacco.Use Past Month.12-17,Rates.Tobacco.Use Past Month.18-25,Rates.Tobacco.Use Past Month.26+,State,Totals.Alcohol.Abuse Past Year.12-17,Totals.Alcohol.Abuse Past Year.18-25,Totals.Alcohol.Abuse Past Year.26+,Totals.Alcohol.Binge Past Month.12-17,Totals.Alcohol.Binge Past Month.18-25,Totals.Alcohol.Binge Past Month.26+,Totals.Alcohol.Dependence Past Year.12-17,Totals.Alcohol.Dependence Past Year.18-25,Totals.Alcohol.Dependence Past Year.26+,Totals.Alcohol.In Minors.Abuse,Totals.Alcohol.In Minors.Use,Totals.Alcohol.Need Treatment Past Year.12-17,Totals.Alcohol.Need Treatment Past Year.18-25,Totals.Alcohol.Need Treatment Past Year.26+,Totals.Alcohol.Perceptions of Risk.12-17,Totals.Alcohol.Perceptions of Risk.18-25,Totals.Alcohol.Perceptions of Risk.26+,Totals.Alcohol.Use Past Month.12-17,Totals.Alcohol.Use Past Month.18-25,Totals.Alcohol.Use Past Month.26+,Totals.Illicit Drugs.Abuse Past Month.12-17,Totals.Illicit Drugs.Abuse Past Month.18-25,Totals.Illicit Drugs.Abuse Past Month.26+,Totals.Illicit Drugs.All Except Marijuana Used Past Month.12-17,Totals.Illicit Drugs.All Except Marijuana Used Past Month.18-25,Totals.Illicit Drugs.All Except Marijuana Used Past Month.26+,Totals.Illicit Drugs.Cocaine Used Past Year.12-17,Totals.Illicit Drugs.Cocaine Used Past Year.18-25,Totals.Illicit Drugs.Cocaine Used Past Year.26+,Totals.Illicit Drugs.Dependence Past Year.12-17,Totals.Illicit Drugs.Dependence Past Year.18-25,Totals.Illicit Drugs.Dependence Past Year.26+,Totals.Illicit Drugs.Need Treatment Past Year.12-17,Totals.Illicit Drugs.Need Treatment Past Year.18-25,Totals.Illicit Drugs.Need Treatment Past Year.26+,Totals.Illicit Drugs.Used Past Month.12-17,Totals.Illicit Drugs.Used Past Month.18-25,Totals.Illicit Drugs.Used Past Month.26+,Totals.Marijuana.New Users.12-17,Totals.Marijuana.New Users.18-25,Totals.Marijuana.New Users.26+,Totals.Marijuana.Perceptions of Risk.12-17,Totals.Marijuana.Perceptions of Risk.18-25,Totals.Marijuana.Perceptions of Risk.26+,Totals.Marijuana.Used Past Month.12-17,Totals.Marijuana.Used Past Month.18-25,Totals.Marijuana.Used Past Month.26+,Totals.Marijuana.Used Past Year.12-17,Totals.Marijuana.Used Past Year.18-25,Totals.Marijuana.Used Past Year.26+,Totals.Pain Relievers Abuse Past Year.12-17,Totals.Pain Relievers Abuse Past Year.18-25,Totals.Pain Relievers Abuse Past Year.26+,Totals.Tobacco.Cigarette Past Month.12-17,Totals.Tobacco.Cigarette Past Month.18-25,Totals.Tobacco.Cigarette Past Month.26+,Totals.Tobacco.Perceptions of Risk.12-17,Totals.Tobacco.Perceptions of Risk.18-25,Totals.Tobacco.Perceptions of Risk.26+,Totals.Tobacco.Use Past Month.12-17,Totals.Tobacco.Use Past Month.18-25,Totals.Tobacco.Use Past Month.26+,Year
384241,582609,498410,2801413,4.83,13.65,4.91,8.23,34.97,16.45,1.67,5.54,2.41,16.45,24.88,4.65,13.2,4.65,42.74,37.64,48.17,15.0,50.96,37.27,9.65,15.94,4.57,5.36,8.06,2.73,1.66,5.49,1.75,2.56,4.65,1.15,4.25,5.94,1.28,9.65,15.94,4.57,5.97,6.23,0.09,39.58,30.97,52.76,6.37,12.47,2.6,12.75,23.79,5.03,8.01,12.98,3.03,13.69,39.24,25.88,62.18,62.28,70.21,16.66,45.2,33.07,Alabama,1855,6803,13754,3162,17429,46083,641,2761,6751,9583,14495,1786,6579,13026,16422,18760,134944,5763,25398,104408,3707,7944,12802,2059,4017,7647,637,2736,4902,983,2317,3221,1633,2960,3585,3707,7944,12802,2293,3105,252,15208,15435,147802,2447,6215,7283,4899,11857,14091,3077,6469,8488,5260,19557,72500,23892,31040,196687,6401,22528,92642,2002
66297,95288,71817,371982,6.15,18.79,7.37,11.42,41.22,22.26,2.33,7.09,3.45,19.42,26.43,5.37,18.23,6.44,35.13,29.24,43.78,15.9,59.83,55.92,13.34,27.29,9.17,5.39,8.51,2.97,2.44,8.37,1.38,3.33,6.0,1.18,5.55,8.08,1.83,13.34,27.29,9.17,7.77,8.43,0.16,25.38,17.53,29.65,11.08,23.99,7.14,18.87,38.9,12.46,8.09,12.72,3.58,13.25,43.97,24.96,66.56,65.46,71.83,16.39,48.43,30.42,Alaska,407,1349,2741,757,2960,8280,154,509,1283,1850,2518,356,1309,2395,2329,2099,16285,1054,4296,20801,884,1959,3411,357,611,1104,161,601,513,220,430,438,367,580,680,884,1959,3411,515,605,59,1682,1258,11029,734,1722,2655,1251,2793,4634,536,913,1331,878,3157,9284,4412,4701,26719,1086,3478,11315,2002
462128,694553,628081,3266065,7.38,19.36,7.75,11.94,41.43,23.04,3.2,7.94,3.29,19.76,28.64,7.16,18.75,7.54,36.77,33.66,41.0,18.69,58.45,53.29,12.61,18.88,6.53,7.22,8.98,3.51,3.24,8.53,2.57,3.77,5.88,1.02,6.65,7.8,1.88,12.61,18.88,6.53,6.42,6.01,0.14,34.76,26.48,43.9,7.74,15.18,3.67,16.96,27.54,6.46,9.35,13.91,4.18,12.84,38.85,27.6,64.39,70.87,74.29,15.11,39.8,31.0,Arizona,3410,12159,25312,5517,26021,75250,1478,4986,10745,13724,19891,3308,11776,24626,16992,21141,133908,8637,36711,174048,5827,11858,21327,3336,5640,11463,1497,5357,8393,1742,3693,3331,3073,4899,6140,5827,11858,21327,2966,3774,457,16063,16631,143380,3576,9534,11986,7837,17297,21098,4320,8736,13652,5933,24400,90143,29756,44512,242635,6982,24997,101248,2002
233609,351391,303163,1685457,6.15,17.59,5.98,11.31,39.76,19.99,2.34,6.9,2.77,18.84,25.16,6.08,17.14,5.76,41.25,35.99,44.93,16.71,53.79,39.34,11.72,21.05,4.89,6.54,9.24,2.62,1.86,6.05,1.52,2.97,5.29,1.22,4.78,7.51,1.52,11.72,21.05,4.89,6.67,7.11,0.1,39.51,27.94,51.23,7.97,16.48,3.39,15.76,28.89,6.15,7.95,13.38,3.15,16.05,50.97,31.92,61.55,60.58,70.08,19.57,55.88,39.12,Arkansas,1436,5332,10079,2642,12053,33692,546,2091,4668,6620,8840,1420,5196,9708,9636,10910,75727,3903,16307,66305,2737,6381,8241,1527,2801,4415,434,1834,2561,693,1603,2056,1116,2276,2561,2737,6381,8241,1558,2155,168,9229,8470,86345,1861,4996,5713,3681,8758,10365,1857,4056,5309,3749,15452,53799,14378,18365,118116,4571,16940,65935,2002
3073501,4596513,4058084,20953491,5.51,14.83,6.07,9.16,35.41,20.43,1.87,6.11,3.13,16.09,24.67,5.05,14.54,5.84,38.79,37.05,48.0,15.28,55.53,55.38,11.44,18.83,6.86,5.79,7.02,3.11,1.7,6.61,1.92,2.62,5.22,1.15,4.57,7.33,1.72,11.44,18.83,6.86,5.88,6.27,0.14,32.86,25.51,39.22,7.66,16.09,4.57,14.11,28.29,7.81,7.53,9.79,4.02,7.48,31.77,18.83,67.07,72.52,79.05,9.22,35.14,22.07,California,16934,60181,127187,28153,143696,428079,5747,24794,65584,73957,113395,15521,59004,122368,119221,150352,1005767,46963,225345,1160404,35160,76413,143740,17795,28487,65165,5224,26823,40230,8052,21183,24096,14045,29745,36040,35160,76413,143740,18072,25444,2933,100995,103521,821795,23543,65294,95757,43367,114803,163646,23143,39728,84233,22989,128925,394554,206139,294292,1656373,28337,142601,462443,2002
384257,583714,528285,2759880,6.71,20.66,7.54,11.04,46.73,24.1,2.51,7.74,3.2,21.31,33.02,6.24,20.0,6.87,32.48,28.41,40.94,20.63,68.89,62.79,13.83,25.52,8.24,6.47,9.8,3.53,2.64,10.29,2.96,2.78,6.46,1.13,4.72,9.68,1.66,13.83,25.52,8.24,7.59,8.1,0.2,28.97,17.51,30.67,9.82,21.67,6.01,19.55,36.57,10.73,8.98,13.94,4.31,13.74,44.56,25.43,63.77,61.3,72.75,17.44,49.95,29.86,Colorado,2578,10914,20809,4242,24686,66513,964,4088,8831,12438,19274,2397,10565,18960,12480,15008,112989,7927,36393,173292,5314,13481,22741,2486,5177,9742,1014,5436,8169,1068,3412,3118,1813,5113,4581,5314,13481,22741,2916,4279,551,11131,9250,84645,3773,11447,16586,7512,19319,29613,3450,7364,11895,5279,23540,70183,24504,32383,200781,6701,26387,82410,2002
285825,414530,314617,2249192,5.39,18.87,5.36,11.18,48.14,21.04,1.88,6.6,2.57,21.42,32.63,5.24,18.16,4.9,36.18,27.52,42.12,18.88,72.28,61.02,12.43,25.58,5.82,5.35,7.57,2.35,1.82,7.02,1.46,2.89,6.08,1.11,5.05,8.19,1.73,12.43,25.58,5.82,8.31,8.22,0.13,27.71,17.99,37.62,9.22,23.62,4.22,17.58,38.82,7.09,5.7,11.54,2.72,13.45,41.56,22.56,64.74,67.32,74.49,15.19,46.14,25.86,Connecticut,1540,5936,12055,3195,15145,47322,537,2076,5780,8879,13526,1497,5713,11021,10341,8658,94735,5396,22740,137245,3552,8047,13090,1529,2381,5285,520,2208,3283,826,1912,2496,1443,2576,3891,3552,8047,13090,2375,2586,292,7920,5659,84614,2635,7431,9491,5024,12213,15946,1629,3630,6117,3844,13075,50741,18504,21180,167542,4341,14516,58164,2002
67931,102778,88251,508870,5.76,18.17,6.08,10.46,42.89,22.12,1.93,7.5,2.93,20.37,31.13,5.5,17.19,5.56,39.63,29.37,41.39,18.35,62.71,55.89,13.54,25.77,5.19,6.02,10.12,2.58,1.61,7.38,2.12,2.87,5.65,1.23,4.5,6.7,1.65,13.54,25.77,5.19,7.94,7.21,0.12,30.07,22.13,41.69,9.41,22.06,3.96,18.2,33.24,7.09,7.3,13.9,3.33,14.07,42.69,24.79,63.2,64.7,73.7,16.3,46.47,28.32,Delaware,391,1603,3093,710,3785,11256,131,661,1490,2093,3199,373,1517,2829,2692,2591,21062,1246,5534,28440,919,2274,2641,408,893,1312,109,651,1078,194,498,625,305,591,839,919,2274,2641,539,636,61,2042,1952,21214,639,1946,2015,1236,2933,3607,495,1226,1694,955,3767,12614,4293,5709,37503,1107,4101,14411,2002
37651,69849,83755,366399,3.0,16.26,8.37,5.62,39.25,24.35,1.44,6.76,4.73,16.58,31.16,2.48,16.09,8.03,43.87,37.24,47.24,13.02,67.17,58.52,11.54,26.23,8.71,4.22,6.65,3.54,0.65,4.55,3.65,2.06,6.26,2.37,3.8,8.13,1.94,11.54,26.23,8.71,6.89,8.17,0.17,28.14,19.51,36.9,7.43,24.14,6.93,14.83,37.61,10.68,5.26,6.73,2.73,7.1,33.26,26.4,61.87,74.31,76.17,9.53,37.39,29.34,District of Columbia,112,1361,3066,211,3287,8921,54,566,1733,1158,2176,93,1347,2942,1651,3119,17308,490,5625,21441,434,2196,3191,158,556,1297,24,381,1337,77,524,868,143,680,710,434,2196,3191,259,684,62,1059,1634,13520,279,2021,2539,558,3150,3913,198,563,1000,267,2785,9672,2329,6223,27908,358,3131,10750,2002
1304498,1935776,1629102,11075165,5.4,16.89,5.6,9.5,39.02,20.76,1.79,6.45,2.54,16.87,27.5,4.93,16.46,5.22,40.02,37.54,45.89,17.35,59.66,55.68,11.42,21.32,6.58,5.17,8.41,2.85,1.94,6.83,1.99,3.2,5.83,1.34,5.2,7.76,1.83,11.42,21.32,6.58,6.75,6.44,0.12,34.48,26.92,45.82,8.52,17.68,4.75,16.13,29.83,8.13,7.03,12.83,3.45,12.26,36.75,23.59,63.06,69.14,74.62,14.34,41.55,27.91,Florida,7044,27515,62020,12392,63567,229920,2335,10507,28130,32656,53233,6431,26815,57812,52206,61156,508239,22633,97192,616665,14897,34732,72874,6744,13700,31564,2530,11126,22039,4174,9497,14840,6783,12641,20267,14897,34732,72874,8805,10491,1329,44979,43855,507464,11114,28802,52607,21041,48596,90041,9170,20901,38209,15993,59869,261263,82261,112636,826428,18706,67689,309107,2002
738947,1116961,997583,5140107,4.78,14.9,6.37,8.2,33.73,20.17,1.65,5.26,3.04,15.31,24.15,4.68,14.94,5.99,42.61,38.37,49.36,15.09,52.19,49.41,10.43,17.51,5.31,5.54,8.05,3.01,1.68,5.26,2.08,2.73,3.89,1.37,4.79,5.92,1.62,10.43,17.51,5.31,5.93,4.76,0.13,35.25,30.63,47.92,6.87,13.01,3.18,14.2,23.85,6.36,8.41,10.66,3.64,12.83,35.48,25.91,64.49,67.39,73.73,15.79,41.74,31.07,Georgia,3532,14863,32742,6059,33648,103675,1219,5247,15625,17100,26974,3458,14903,30789,31486,38277,253715,11150,52063,253972,7707,17467,27293,4093,8030,15471,1241,5247,10691,2017,3880,7041,3539,5905,8326,7707,17467,27293,4381,4748,668,26047,30555,246313,5076,12978,16345,10493,23792,32691,6214,10634,18709,9480,35394,133180,47654,67227,378980,11667,41639,159703,2002
98119,152258,142674,787220,6.42,18.14,5.97,11.93,41.12,22.47,2.87,7.21,3.02,20.77,28.58,6.19,17.85,5.79,38.93,32.94,41.09,17.96,58.57,51.28,13.97,19.31,6.56,6.53,6.93,2.49,1.7,5.52,1.17,2.87,5.39,0.96,5.47,7.73,1.43,13.97,19.31,6.56,7.02,8.9,0.07,29.6,24.59,36.43,10.23,17.0,4.9,18.09,30.2,7.7,6.52,9.41,2.67,8.78,34.32,21.77,65.39,68.38,72.33,12.33,36.59,24.37,Hawaii,629,2588,4699,1170,5866,17688,281,1028,2377,3162,4351,607,2546,4558,3819,4699,32346,1762,8356,40368,1370,2755,5164,640,988,1960,166,787,921,281,769,755,536,1102,1125,1370,2755,5164,688,1269,55,2904,3508,28678,1003,2425,3857,1774,4308,6061,639,1342,2101,861,4896,17137,6416,9756,56939,1209,5220,19184,2002
131303,195653,158524,782911,7.79,18.37,6.51,11.57,36.12,19.45,2.83,7.23,3.06,18.81,26.66,7.69,18.0,6.23,37.53,30.42,42.33,17.37,53.62,51.34,11.02,15.8,4.86,5.66,7.42,2.65,1.8,5.03,0.92,3.18,4.67,0.97,5.82,7.21,1.34,11.02,15.8,4.86,6.36,5.43,0.13,36.63,26.41,41.44,7.92,12.47,3.1,14.63,24.37,5.27,8.72,13.57,3.48,12.48,39.02,22.68,65.57,68.57,74.08,14.7,43.08,27.13,Idaho,1022,2912,5096,1519,5725,15227,371,1146,2395,3680,5216,1009,2853,4877,4927,4822,33140,2280,8500,40194,1446,2504,3804,743,1176,2074,236,797,720,417,740,759,764,1142,1049,1446,2504,3804,835,860,101,4809,4186,32443,1039,1976,2427,1920,3863,4125,1144,2151,2724,1638,6185,17756,8609,10869,57998,1930,6829,21240,2002
1083159,1616011,1395765,7712164,6.08,19.49,7.21,11.7,46.77,23.22,2.25,7.59,3.25,21.63,30.52,5.84,18.98,6.77,38.28,31.51,42.61,18.65,64.16,54.1,10.83,20.22,4.8,5.22,7.5,2.29,1.67,6.53,1.82,3.26,5.0,1.15,5.01,6.96,1.34,10.83,20.22,4.8,6.24,6.87,0.13,33.22,22.9,42.05,7.61,17.43,3.23,14.46,29.61,5.9,6.76,10.92,2.42,13.0,42.75,25.85,64.55,63.86,71.28,14.97,46.68,30.33,Illinois,6585,27203,55604,12672,65279,179076,2437,10593,25064,34954,49320,6325,26491,52211,41463,43980,328615,20200,89552,417228,11730,28222,37018,5654,10468,17660,1808,9114,14036,3531,6978,8868,5426,9714,10334,11730,28222,37018,6758,9588,1002,35982,31963,324296,8242,24328,24910,15662,41328,45501,7322,15241,18663,14081,59668,199359,69917,89133,549723,16214,65154,233909,2002
534083,821738,697261,3789366,6.21,19.19,6.06,9.82,45.11,19.83,2.19,7.47,2.52,18.75,27.53,5.51,18.15,5.36,40.32,30.82,45.27,16.04,61.78,48.16,10.15,20.67,5.45,5.69,8.3,2.39,2.0,7.2,1.8,2.8,5.21,1.1,4.14,6.96,1.47,10.15,20.67,5.45,5.48,7.54,0.13,36.55,24.32,45.9,7.37,17.19,3.91,13.95,28.44,6.48,8.37,15.82,3.7,14.39,44.94,27.26,64.18,63.69,70.82,16.84,49.3,32.42,Indiana,3316,13380,22963,5244,31453,75143,1169,5208,9549,15407,22622,2942,12655,20311,21534,21489,171544,8566,43076,182495,5420,14412,20652,3038,5787,9056,1068,5020,6820,1495,3632,4168,2211,4852,5570,5420,14412,20652,2926,5257,492,19520,16957,173931,3936,11985,14816,7450,19830,24555,4470,11030,14020,7685,31334,103298,34277,44408,268362,8993,34374,122851,2002
258335,404680,329006,1837000,7.56,19.67,6.18,13.85,48.87,23.72,2.71,6.94,2.49,24.68,34.35,7.01,18.2,5.72,31.78,25.92,36.09,20.18,67.28,57.79,9.22,15.8,4.33,4.37,7.35,2.21,2.18,6.43,1.44,2.53,4.51,0.94,4.18,6.0,1.43,9.22,15.8,4.33,5.37,7.15,0.11,40.63,26.8,48.03,7.1,13.14,3.04,13.39,25.88,5.63,6.28,8.78,2.02,14.27,41.91,25.14,61.99,60.18,67.44,16.34,48.67,29.44,Iowa,1953,6471,11352,3577,16078,43573,700,2283,4574,9987,13900,1810,5987,10507,8209,8527,66297,5213,22135,106160,2381,5198,7954,1128,2418,4059,563,2115,2645,653,1483,1726,1079,1974,2626,2381,5198,7954,1387,2352,202,10496,8817,88231,1834,4323,5584,3459,8514,10342,1622,2888,3710,3686,13788,46182,16014,19799,123887,4221,16012,54081,2002
248335,383739,312314,1650114,5.12,18.49,5.24,11.56,45.26,18.63,1.81,6.81,2.28,21.9,31.31,4.98,17.7,5.02,38.43,28.12,43.47,19.41,65.89,49.96,9.33,16.67,4.43,4.49,6.66,2.21,1.8,6.31,1.48,2.66,4.66,0.95,3.88,6.29,1.16,9.33,16.67,4.43,5.13,7.68,0.11,38.79,24.23,47.07,7.39,13.92,2.79,13.24,25.44,5.29,6.14,10.84,2.84,13.95,39.62,25.06,60.16,63.55,73.52,15.57,45.68,30.73,Kansas,1271,5774,8646,2870,14135,30741,449,2126,3762,8403,12014,1236,5527,8283,9543,8782,71730,4820,20578,82439,2316,5206,7310,1115,2080,3646,447,1970,2442,660,1455,1567,963,1964,1914,2316,5206,7310,1273,2398,181,9632,7567,77670,1835,4347,4603,3287,7945,8729,1524,3385,4686,3464,12373,41351,14939,19847,121316,3866,14266,50708,2002
338184,519810,462006,2576224,5.26,14.67,4.8,11.08,38.83,16.86,1.92,5.98,2.37,19.61,28.99,5.21,14.15,4.55,39.08,33.87,44.23,18.75,58.07,40.27,11.7,18.43,6.15,6.67,9.83,3.14,2.05,6.59,1.93,3.31,4.94,1.21,5.02,6.98,1.49,11.7,18.43,6.15,6.95,6.29,0.12,38.83,26.11,44.97,8.16,14.15,3.82,16.32,26.21,6.78,9.96,17.48,4.16,17.62,53.06,33.74,58.9,53.67,64.43,23.18,58.88,38.54,Kentucky,1778,6777,12365,3747,17939,43435,649,2762,6105,10193,15069,1761,6537,11721,13216,15648,113946,6340,26828,103744,3956,8514,15843,2255,4541,8089,693,3044,4972,1119,2282,3117,1697,3224,3838,3956,8514,15843,2350,2906,309,13131,12062,115852,2759,6537,9841,5519,12109,17466,3368,8075,10717,5958,24514,86921,19919,24795,165986,7839,27202,99287,2002
422503,640339,539239,2690931,5.97,17.56,6.33,10.87,40.36,22.39,2.67,7.5,3.32,18.97,31.05,5.09,16.67,5.81,39.89,35.5,46.1,19.35,61.41,47.3,10.76,20.54,5.17,6.14,8.78,3.04,1.65,5.38,2.42,2.67,5.07,1.51,4.25,6.77,1.9,10.76,20.54,5.17,5.64,7.91,0.09,37.94,25.31,51.01,6.92,17.04,3.33,13.02,27.52,5.78,7.46,13.19,3.2,15.01,42.36,27.45,59.33,63.25,69.92,17.58,48.21,31.87,Louisiana,2522,9469,17033,4592,21763,60249,1128,4044,8933,12147,19882,2150,8989,15634,16853,19142,124051,8175,33114,127281,4546,11075,13912,2594,4734,8180,697,2901,6512,1128,2733,4063,1795,3650,5112,4546,11075,13912,2382,4265,242,16029,13648,137264,2923,9188,8960,5500,14839,15553,3151,7112,8610,6341,22842,73866,25067,34106,188149,7427,25996,85759,2002
112372,162628,118674,860612,5.59,18.26,5.88,11.12,44.67,19.64,2.36,8.12,2.73,22.54,30.23,5.43,17.24,5.15,32.8,24.59,38.44,16.55,66.76,54.44,12.58,25.2,6.52,5.36,10.0,2.7,2.18,8.05,1.46,2.9,6.39,0.9,5.35,8.95,1.61,12.58,25.2,6.52,8.31,10.35,0.13,26.71,14.91,34.37,10.56,23.22,5.33,18.76,37.34,7.8,7.16,14.07,2.87,12.16,43.89,26.1,64.49,61.95,70.94,13.55,50.44,30.69,Maine,628,2166,5060,1249,5301,16902,265,963,2349,3665,4916,610,2045,4432,3685,2918,33081,1859,7922,46851,1413,2990,5611,602,1186,2323,244,955,1256,325,758,774,601,1062,1385,1413,2990,5611,933,1228,111,3001,1769,29579,1186,2755,4587,2108,4431,6712,804,1669,2469,1366,5208,22461,7246,7351,61051,1522,5985,26412,2002
465779,671493,543194,3448177,5.37,15.98,6.52,9.43,39.77,20.48,1.94,6.2,3.46,17.52,28.1,5.19,15.17,6.08,38.85,35.09,43.37,17.14,64.21,58.34,10.76,22.02,4.85,4.87,7.66,2.58,1.38,4.8,1.7,2.95,5.85,1.26,4.96,8.62,1.43,10.76,22.02,4.85,6.67,7.16,0.13,30.86,22.51,38.35,7.87,19.43,3.27,14.75,30.31,6.84,5.95,10.52,2.75,11.08,35.91,22.88,65.27,63.95,73.89,12.7,42.05,26.76,Maryland,2501,8680,22482,4392,21602,70618,903,3367,11930,11764,18868,2417,8240,20964,18095,19060,149547,7983,34878,201166,5011,11961,16723,2268,4160,8896,642,2607,5861,1374,3177,4344,2310,4682,4930,5011,11961,16723,3106,3889,448,14373,12227,132237,3665,10554,11275,6870,16464,23585,2771,5714,9482,5160,19506,78894,30401,34737,254785,5915,22841,92273,2002
517493,781725,679975,4145719,7.35,18.47,7.18,14.19,46.98,25.64,2.89,7.45,3.52,22.4,32.5,7.15,18.08,6.31,34.03,24.06,36.44,21.04,68.94,62.75,13.94,27.46,5.81,6.4,10.2,2.25,2.05,7.88,2.14,3.46,8.33,1.36,6.08,10.41,1.6,13.94,27.46,5.81,7.74,8.17,0.16,26.76,15.07,28.7,10.53,24.54,4.79,20.15,38.19,11.24,7.78,14.68,3.47,11.69,38.4,21.16,67.22,70.84,77.31,14.37,42.53,24.88,Massachusetts,3803,12559,29766,7343,31945,106296,1495,5065,14592,17510,25406,3700,12293,26159,17610,16360,151070,10888,46877,260143,7213,18672,24086,3311,6935,9327,1060,5358,8871,1790,5664,5638,3146,7078,6633,7213,18672,24086,4005,5555,663,13848,10247,118982,5449,16686,19857,10427,25968,46597,4026,9982,14385,6049,26111,87723,34785,48169,320505,7436,28919,103145,2002
883907,1315113,1058356,6230505,6.42,18.29,7.05,12.06,44.49,22.75,2.26,7.73,3.34,21.36,31.83,6.22,17.31,6.7,38.1,29.27,41.79,19.23,66.3,56.54,12.8,21.22,6.42,6.44,7.76,2.5,2.08,6.26,2.03,3.34,5.16,1.16,5.88,7.19,1.33,12.8,21.22,6.42,6.78,7.66,0.14,32.43,20.12,39.19,9.23,18.49,4.95,17.03,32.38,8.55,9.7,11.9,3.37,13.59,42.81,27.74,64.02,64.0,73.07,15.89,47.64,32.32,Michigan,5674,19357,43925,10659,47086,141743,1997,8181,20809,28090,41860,5497,18320,41744,33676,30978,260372,16997,70169,352272,11314,22458,39999,5692,8212,15576,1838,6625,12647,2952,5461,7227,5197,7609,8286,11314,22458,39999,5992,8107,872,28665,21294,244173,8158,19569,30840,15052,34269,53270,8573,12594,20996,12012,45308,172834,56587,67734,455263,14045,50420,201369,2002
456579,679731,549285,3106907,7.24,20.99,7.08,13.27,49.84,26.22,2.57,7.62,2.97,24.17,33.36,6.55,19.75,6.26,36.49,24.65,38.45,19.54,70.68,61.73,11.59,19.28,4.91,5.27,7.23,2.19,2.35,7.47,1.64,3.42,5.02,0.94,5.46,6.97,1.36,11.59,19.28,4.91,6.86,7.15,0.15,29.53,18.15,33.69,8.92,17.49,4.0,17.3,30.34,7.13,6.37,8.79,2.7,15.67,48.22,24.59,63.18,60.26,72.32,17.69,51.31,29.78,Minnesota,3305,11529,21996,6058,27376,81463,1173,4185,9227,16429,22675,2990,10848,19449,16660,13539,119460,8921,38823,191789,5291,10590,15254,2406,3971,6804,1072,4103,5095,1561,2757,2920,2492,3828,4225,5291,10590,15254,3132,3927,466,13482,9969,104671,4072,9606,12427,7898,16665,22152,2908,4828,8388,7154,26486,76398,28846,33099,224691,8076,28183,92523,2002
262943,407104,345165,1705451,3.78,13.96,5.35,8.52,32.24,18.86,1.37,5.05,2.98,15.72,24.01,3.47,13.69,5.06,44.09,41.78,52.44,14.72,50.24,35.72,10.59,16.33,3.98,6.26,7.39,2.43,1.18,4.18,1.75,2.49,4.25,1.25,3.92,6.26,1.55,10.59,16.33,3.98,4.55,5.33,0.09,38.6,31.44,54.57,6.04,12.99,2.74,11.01,22.06,4.68,8.48,10.05,2.64,12.83,41.57,29.46,59.22,62.94,71.2,16.57,47.77,35.87,Mississippi,993,4818,9124,2240,11128,32164,360,1743,5082,6399,9774,912,4725,8629,11593,14420,89433,3870,17341,60918,2784,5636,6787,1646,2550,4144,310,1442,2984,654,1466,2131,1030,2160,2643,2784,5636,6787,1196,1839,153,10149,10851,93066,1588,4483,4672,2895,7614,7981,2229,3468,4502,3373,14348,50242,15571,21724,121428,4356,16488,61174,2002
497512,749871,620689,3547943,6.34,19.76,6.01,12.61,43.89,22.8,1.87,7.6,2.57,21.16,32.41,6.09,19.32,5.78,36.71,28.92,40.25,19.67,64.52,55.85,10.05,21.37,6.9,5.4,8.91,3.15,2.03,7.19,2.27,2.94,5.55,1.08,4.66,8.01,1.6,10.05,21.37,6.9,7.1,7.26,0.14,33.96,22.99,39.49,7.43,18.55,4.59,16.15,31.48,7.87,7.75,12.93,3.44,17.88,47.59,30.56,61.78,61.37,70.06,21.01,51.76,36.19,Missouri,3154,12264,21323,6273,27242,80893,930,4717,9118,15867,24303,3029,11991,20507,18263,17950,142804,9786,40046,198152,4999,13264,24480,2686,5530,11176,1009,4462,8053,1462,3444,3831,2318,4971,5676,4999,13264,24480,3532,4506,496,16895,14269,140108,3696,11513,16285,8034,19539,27922,3855,8025,12204,8895,29538,108425,30736,38091,248568,10452,32126,128400,2002
85248,127687,96780,576107,11.21,23.39,8.36,17.85,50.83,24.58,4.75,9.64,3.46,28.8,38.39,10.37,22.55,7.69,31.95,24.62,39.04,24.73,69.29,57.19,15.57,22.34,7.77,7.03,7.23,2.7,2.51,7.3,1.62,3.62,5.37,1.03,6.42,8.02,1.49,15.57,22.34,7.77,9.08,10.2,0.12,28.46,18.13,36.66,12.07,20.66,6.71,21.07,35.15,9.0,8.06,10.19,2.61,16.1,44.96,26.26,64.76,66.77,73.14,21.16,53.76,32.51,Montana,955,2263,4816,1521,4919,14160,404,932,1993,3677,4901,884,2182,4430,2723,2382,22491,2108,6705,32947,1327,2162,4476,599,699,1555,213,706,933,308,519,593,547,776,858,1327,2162,4476,774,987,69,2426,1754,21120,1028,1999,3865,1796,3401,5184,687,986,1503,1372,4351,15128,5520,6462,42136,1803,5202,18729,2002
158477,243743,197458,1056039,8.94,25.16,7.47,14.3,49.83,23.44,2.85,7.99,3.2,23.77,34.98,8.42,23.2,7.03,35.97,25.27,40.73,22.24,68.38,55.77,12.71,18.91,4.78,5.94,8.2,2.17,2.16,5.72,1.42,3.47,4.68,1.17,5.36,6.25,1.55,12.71,18.91,4.78,6.63,5.99,0.11,33.5,27.59,45.53,9.13,15.61,3.66,16.42,27.17,6.29,7.31,10.05,2.11,16.36,43.92,23.84,63.18,63.58,71.72,18.86,48.81,28.76,Nebraska,1416,4968,7888,2266,9839,24753,451,1577,3379,5793,8526,1334,4581,7423,5700,4989,43012,3524,13502,58895,2014,3733,5047,941,1619,2291,342,1129,1499,549,924,1235,849,1234,1636,2014,3733,5047,1050,1182,116,5308,5447,48081,1446,3082,3865,2602,5364,6642,1158,1984,2228,2592,8672,25175,10012,12554,75739,2988,9637,30371,2002
170985,250108,230660,1364595,6.93,16.19,6.88,10.9,33.81,20.17,2.23,6.84,3.07,16.81,26.87,6.8,15.54,6.75,38.57,35.01,43.24,18.4,56.37,54.12,12.46,22.02,8.17,5.12,9.35,3.62,1.97,7.35,1.66,3.41,5.52,1.15,5.4,7.75,1.54,12.46,22.02,8.17,8.42,6.08,0.15,33.52,22.76,35.86,9.58,18.29,5.68,19.67,29.02,8.31,9.61,13.3,3.93,12.73,36.4,31.95,64.24,62.56,71.38,15.31,42.38,36.47,Nevada,1184,3734,9388,1863,7798,27523,381,1577,4189,4204,6720,1162,3584,9211,6594,8075,59005,3146,13002,73851,2130,5079,11148,875,2156,4939,336,1695,2265,583,1273,1569,923,1787,2101,2130,5079,11148,1439,1402,204,5731,5249,48934,1638,4218,7750,3363,6693,11339,1643,3067,5362,2176,8396,43598,10984,14430,97404,2617,9775,49766,2002
111385,164257,118702,819938,7.54,23.21,7.1,13.29,49.11,21.59,2.32,7.69,2.98,25.02,35.98,7.33,22.3,6.69,27.98,20.3,36.08,21.44,71.78,63.2,14.46,29.61,7.82,6.2,11.72,2.57,2.66,10.17,1.89,3.19,7.36,1.1,6.54,10.57,1.35,14.46,29.61,7.82,8.82,11.14,0.16,22.61,12.94,31.53,11.79,27.31,7.36,20.52,44.61,11.31,7.91,16.19,3.28,14.03,44.8,24.94,59.52,61.12,71.05,16.82,50.33,30.86,New Hampshire,839,2755,5821,1480,5829,17702,258,912,2443,4109,5909,816,2647,5485,3116,2409,29583,2388,8520,51820,1610,3514,6411,690,1391,2107,296,1207,1549,355,873,901,728,1254,1106,1610,3514,6411,982,1322,131,2518,1536,25852,1313,3241,6034,2285,5295,9273,881,1921,2689,1562,5317,20449,6629,7255,58256,1873,5974,25303,2002
691587,983984,800240,5531212,5.16,16.62,4.97,10.11,41.95,20.36,1.81,6.57,2.61,17.59,29.38,4.97,15.91,4.48,38.38,34.09,47.14,18.77,65.06,61.72,10.42,21.36,4.48,5.15,9.12,2.36,1.78,6.49,1.71,2.8,5.52,1.04,4.64,7.07,1.28,10.42,21.36,4.48,6.62,5.97,0.12,35.58,23.13,45.25,7.33,17.89,2.93,14.03,29.4,5.0,5.89,9.95,2.42,11.83,40.67,22.46,64.03,66.84,77.79,13.65,44.45,26.04,New Jersey,3568,13299,27490,6991,33570,112615,1251,5257,14436,17308,28909,3437,12731,24779,26543,27280,260741,12981,52063,341386,7206,17093,24779,3561,7298,13053,1231,5193,9458,1936,4417,5752,3208,5657,7079,7206,17093,24779,4578,4777,663,24606,18509,250287,5069,14316,16206,9702,23527,27656,4073,7962,13385,8181,32545,124231,44282,53488,430272,9440,35570,144032,2002
178458,263171,208241,1114850,7.73,22.68,8.01,14.04,41.39,22.31,2.72,9.9,3.17,22.15,32.37,7.46,21.52,7.45,40.01,37.35,49.98,20.67,60.78,49.67,14.16,22.17,7.08,6.26,9.94,3.3,2.81,10.03,1.81,3.12,6.94,1.05,5.64,10.19,1.92,14.16,22.17,7.08,8.26,10.49,0.14,30.44,23.0,43.8,10.35,18.98,4.74,19.03,33.8,7.24,8.36,10.8,3.64,12.34,38.45,23.19,61.12,67.82,75.88,15.37,45.26,28.14,New Mexico,1379,4722,8929,2505,8619,24872,485,2061,3534,5829,8518,1331,4481,8305,7140,7777,55720,3688,12656,55374,2526,4616,7893,1117,2069,3679,501,2088,2017,556,1445,1170,1006,2121,2140,2526,4616,7893,1474,2184,156,5432,4789,48830,1847,3952,5284,3396,7038,8071,1491,2249,4058,2202,8006,25853,10907,14122,84594,2742,9424,31371,2002
1585179,2367077,2066105,12156947,5.59,15.84,5.9,10.71,42.55,22.96,2.17,6.48,3.3,20.34,31.59,5.36,15.53,5.5,39.15,31.25,43.5,19.49,64.34,57.59,11.68,23.89,6.07,4.87,7.53,2.14,1.41,6.93,2.02,3.18,6.03,1.31,4.98,8.38,1.52,11.68,23.89,6.07,6.85,8.02,0.12,30.29,22.59,39.08,8.76,21.44,4.82,15.98,33.6,8.2,6.02,9.78,2.43,11.81,40.17,24.76,64.32,67.84,74.71,12.78,43.64,28.4,New York,8861,32727,71725,16977,87912,279123,3439,13388,40117,48146,74775,8496,32086,66863,62059,64565,528827,30895,132933,700118,18514,49359,73792,7719,15557,26015,2235,14318,24557,5040,12458,15925,7894,17313,18478,18514,49359,73792,10858,16570,1458,48015,46673,475093,13886,44297,58596,25331,69421,99686,9542,20206,29541,18720,82995,301006,101958,140164,908245,20258,90164,345257,2002
670806,1041862,937673,5240173,5.66,16.54,5.25,10.02,38.03,17.4,1.93,6.13,2.69,17.99,26.71,5.34,16.04,4.8,39.55,33.43,48.6,16.12,56.43,41.18,13.62,20.35,5.09,6.9,8.28,2.85,1.92,6.42,1.83,3.3,4.96,1.19,5.21,6.65,1.6,13.62,20.35,5.09,7.81,6.81,0.11,36.16,25.34,48.29,8.44,17.22,3.66,16.97,26.7,6.05,8.81,12.09,3.4,14.78,45.89,28.95,60.76,59.4,70.51,17.97,50.13,35.88,North Carolina,3796,15509,27510,6721,35659,91179,1294,5747,14096,18743,27828,3582,15040,25152,26530,31346,254672,10813,52912,215790,9136,19081,26672,4628,7763,14934,1287,6019,9589,2213,4650,6235,3494,6235,8384,9136,19081,26672,5238,6385,576,24256,23760,253047,5661,16146,19179,11383,25035,31703,5909,11336,17816,9914,43029,151703,40758,55697,369484,12054,47005,188017,2002
59101,97757,81523,392542,10.33,27.11,7.49,16.58,55.15,28.43,3.25,8.42,2.84,31.04,41.54,9.46,25.71,6.66,32.51,23.09,36.02,25.23,73.06,59.42,11.64,18.02,4.35,5.76,6.93,2.19,1.95,5.94,1.1,3.17,4.35,0.92,5.37,6.9,1.31,11.64,18.02,4.35,6.96,8.45,0.09,34.58,24.34,42.5,7.58,15.35,2.94,16.18,28.8,4.95,6.34,7.76,2.27,17.53,42.78,25.71,61.29,62.84,68.62,20.88,49.74,30.5,North Dakota,610,2210,2940,979,4495,11159,192,686,1114,3034,4060,559,2095,2614,1921,1882,14139,1491,5956,23324,687,1469,1707,340,564,859,115,484,431,187,354,361,317,562,514,687,1469,1707,411,688,35,2043,1984,16683,447,1251,1154,956,2347,1943,374,632,891,1036,3487,10092,3622,5122,26936,1234,4054,11972,2002
985131,1461529,1211408,7173275,5.8,18.54,6.36,11.31,45.99,22.5,1.72,7.87,2.85,20.95,30.13,5.59,17.69,5.97,37.89,28.46,39.29,17.52,65.4,54.2,11.39,20.64,5.42,5.27,7.87,2.42,1.69,6.99,1.88,2.83,5.76,1.19,5.24,7.76,1.36,11.39,20.64,5.42,6.62,7.3,0.12,35.11,23.1,42.66,8.74,18.22,4.17,15.33,30.34,6.96,7.09,11.98,2.9,14.52,46.03,30.0,61.92,59.92,69.71,17.27,51.79,35.91,Ohio,5713,22459,45622,11141,55712,161398,1694,9533,20443,30619,44035,5506,21429,42824,37326,34476,281837,17259,79226,388791,11220,25003,38879,5191,9533,17359,1664,8467,13485,2787,6977,8536,5162,9400,9755,11220,25003,38879,6521,8843,860,34587,27983,306011,8610,22071,29912,15102,36754,49925,6984,14512,20802,14304,55761,215198,60999,72587,500049,17013,62738,257592,2002
309460,481391,412166,2138643,5.68,17.03,5.15,10.7,37.98,16.53,2.02,6.61,2.26,19.07,28.47,5.41,16.77,4.83,37.84,31.48,46.98,16.04,58.23,43.81,12.23,18.97,6.06,6.33,10.88,2.89,1.86,5.99,1.27,2.89,5.55,1.03,4.91,7.25,1.56,12.23,18.97,6.06,6.33,6.67,0.1,35.17,27.13,46.7,8.13,15.51,3.31,15.34,25.47,5.6,9.24,15.12,3.53,14.96,44.71,29.67,60.58,58.78,68.86,17.6,52.96,35.16,Oklahoma,1757,7019,11014,3311,15654,35351,625,2724,4833,9180,13705,1674,6912,10329,11709,12974,100473,4963,24000,93693,3784,7818,12960,1958,4484,6180,575,2468,2716,894,2287,2202,1519,2988,3336,3784,7818,12960,1958,2749,213,10883,11182,99874,2515,6392,7078,4747,10497,11976,2859,6231,7549,4629,18427,63453,18747,24227,147266,5446,21828,75194,2002
295981,445263,387879,2225597,5.84,17.83,5.79,10.7,40.58,18.4,2.13,7.26,2.8,18.61,28.22,5.78,16.86,5.4,36.22,29.13,42.18,17.07,65.32,55.79,12.3,24.72,8.3,5.55,9.38,3.26,1.91,7.25,1.71,2.46,6.22,1.25,5.07,9.17,1.53,12.3,24.72,8.3,6.94,7.53,0.14,28.97,16.99,33.61,9.31,22.17,6.57,17.38,36.44,9.47,9.2,14.56,3.78,11.29,41.49,23.94,68.14,69.69,73.18,14.42,46.63,29.46,Oregon,1728,6915,12886,3166,15740,40950,630,2816,6231,8286,12565,1710,6539,12018,10720,11298,93875,5052,25336,124166,3640,9588,18472,1642,3638,7255,565,2812,3805,728,2412,2781,1500,3556,3405,3640,9588,18472,2054,2920,311,8574,6590,74802,2755,8599,14622,5144,14134,21076,2723,5647,8412,3341,16093,53280,20168,27031,162869,4268,18086,65566,2002
1039147,1552447,1242597,8019110,5.34,18.08,5.33,11.24,45.96,20.59,1.89,6.56,2.44,21.05,30.86,5.2,17.6,4.93,35.4,26.27,39.32,18.06,64.85,53.14,11.28,20.54,4.91,5.51,8.04,2.43,1.49,6.62,1.79,2.9,5.06,0.98,4.8,7.21,1.11,11.28,20.54,4.91,6.65,7.51,0.1,32.97,21.48,44.91,8.18,17.66,3.37,15.24,29.95,5.95,6.24,10.86,2.36,14.73,44.78,26.59,62.31,61.54,70.77,16.75,50.17,32.24,Pennsylvania,5549,22466,42741,11680,57109,165113,1963,8151,19566,32679,47908,5403,21869,39534,36785,32643,315311,18766,80582,426135,11721,25522,39373,5725,9990,19486,1548,8225,14354,3013,6287,7858,4987,8959,8901,11721,25522,39373,6910,9331,801,34260,26690,360138,8500,21944,27024,15836,37215,47713,6484,13494,18925,15306,55643,213228,64749,76469,567512,17405,62341,258536,2002
88015,140387,121051,679467,6.62,25.59,7.7,12.73,55.31,23.56,2.41,10.7,3.49,26.58,38.31,6.28,23.85,6.65,34.95,27.75,37.96,22.12,76.07,60.38,13.25,32.44,6.75,5.5,13.37,2.94,2.1,12.05,2.5,3.62,8.27,1.48,5.54,11.23,1.42,13.25,32.44,6.75,7.89,10.02,0.15,25.9,16.38,35.48,10.86,29.93,5.7,18.29,45.71,9.29,7.42,16.95,3.71,13.72,47.6,25.34,65.01,72.97,74.43,16.13,51.46,29.29,Rhode Island,582,3097,5231,1120,6695,16008,212,1295,2371,3731,5378,552,2887,4518,3076,3359,25792,1946,9208,41026,1166,3926,4586,484,1618,1997,184,1458,1698,318,1001,1005,487,1359,964,1166,3926,4586,694,1212,101,2279,1982,24107,955,3623,3872,1609,5533,6312,653,2051,2520,1207,5762,17217,5721,8833,50572,1419,6229,19901,2002
353154,539986,467353,2558270,4.83,19.48,6.23,8.8,42.03,20.93,1.76,7.93,3.13,18.05,27.25,4.5,18.58,5.78,42.76,32.65,48.11,14.36,61.1,46.35,11.05,19.54,4.54,5.3,8.73,2.44,1.71,6.36,2.11,2.55,4.37,1.17,4.32,7.31,1.31,11.05,19.54,4.54,6.56,8.05,0.1,36.41,24.77,47.68,7.25,16.46,3.52,13.44,27.75,5.96,7.5,11.91,3.36,12.21,42.88,25.97,62.27,61.91,71.66,15.52,48.06,31.27,South Carolina,1705,9104,15938,3107,19642,53544,621,3706,8007,9746,14714,1589,8683,14786,15100,15259,123078,5071,28555,118575,3902,9132,11614,1871,4079,6242,603,2972,5397,900,2042,2993,1525,3416,3351,3902,9132,11614,2316,3762,255,12858,11576,121978,2560,7692,9005,4746,12969,15247,2648,5566,8595,4312,20040,66438,21990,28933,183325,5480,22460,79997,2002
72994,111118,86835,462181,9.77,26.15,7.93,15.85,54.15,24.89,3.86,8.72,3.77,28.52,37.21,8.55,24.04,6.92,33.49,23.15,38.83,22.07,71.49,56.98,13.26,17.92,4.13,6.38,7.81,1.95,2.41,5.49,1.1,3.01,4.47,0.9,5.08,6.2,1.21,13.26,17.92,4.13,8.39,8.58,0.1,35.3,21.83,40.94,9.57,14.66,2.74,17.65,28.35,5.02,7.63,8.75,2.09,19.79,51.76,27.7,60.68,56.27,67.49,22.82,57.69,32.53,South Dakota,713,2270,3665,1156,4702,11503,281,757,1742,3169,4134,624,2087,3198,2444,2010,17946,1610,6207,26335,967,1556,1908,465,678,901,175,476,508,219,388,415,370,538,559,967,1556,1908,612,745,46,2576,1895,18921,698,1273,1266,1288,2461,2320,556,759,965,1444,4494,12802,4429,4886,31192,1665,5009,15034,2002
475450,719873,640247,3663518,4.77,14.83,4.63,8.39,29.89,15.34,1.71,5.87,2.31,15.95,23.8,4.62,14.41,4.38,41.1,34.76,47.77,13.27,46.5,37.48,9.23,16.16,4.78,5.46,7.4,2.78,1.85,6.08,1.8,2.95,4.74,1.2,4.43,6.71,1.59,9.23,16.16,4.78,5.09,5.5,0.1,35.74,26.26,45.53,6.37,13.4,2.88,12.15,21.07,4.44,9.08,11.41,2.94,14.33,38.83,27.95,62.38,60.7,68.44,17.17,46.3,33.86,Tennessee,2267,9494,16962,3989,19136,56198,813,3758,8462,11481,17132,2196,9225,16046,19540,22254,175006,6309,29771,137308,4388,10346,17511,2595,4737,10184,879,3892,6594,1402,3034,4396,2106,4296,5824,4388,10346,17511,2420,3521,366,16992,16812,166799,3028,8579,10550,5776,13490,16266,4317,7305,10770,6813,24860,102395,29658,38862,250731,8163,29643,124046,2002
2008635,3035046,2638339,12660179,5.84,16.78,6.1,9.84,40.02,22.96,1.93,6.69,2.6,17.14,27.35,5.65,16.62,5.91,38.81,37.33,46.96,17.56,57.99,49.86,10.18,16.54,4.59,6.19,8.33,2.66,2.58,6.66,1.58,2.85,4.68,0.95,4.91,6.39,1.31,10.18,16.54,4.59,6.52,5.55,0.14,36.3,30.65,49.77,6.38,12.86,2.95,13.91,22.28,5.01,7.6,11.11,3.24,11.65,39.18,25.09,61.14,66.08,74.73,13.45,42.47,29.73,Texas,11730,44271,77227,19764,105586,290677,3876,17650,32916,52020,83008,11348,43849,74821,77955,98489,594522,35271,152997,631236,20447,43638,58110,12433,21977,33676,5182,17571,20003,5724,12347,12027,9862,16858,16584,20447,43638,58110,13096,14642,1772,72913,80865,630097,12815,33929,37347,27940,58782,63427,15265,29311,41018,23400,103370,317643,122807,174341,946095,27016,112050,376387,2002
244301,385266,363451,1183548,4.72,12.98,5.5,7.86,24.95,14.7,1.77,5.61,2.67,15.43,19.41,4.71,12.89,4.71,47.56,40.56,54.64,10.23,35.74,31.4,8.76,12.69,4.0,5.35,7.3,2.39,1.52,4.78,1.21,2.62,3.67,1.05,4.22,5.42,1.59,8.76,12.69,4.0,4.5,5.26,0.13,42.42,29.72,46.15,5.3,9.53,2.15,11.08,20.77,3.93,7.81,11.95,3.27,6.57,24.61,16.36,71.49,72.28,76.47,8.43,25.46,20.09,Utah,1153,4717,6509,1920,9068,17398,432,2038,3160,5944,7478,1150,4684,5574,11618,14741,64669,2499,12989,37163,2140,4612,4734,1307,2653,2828,371,1737,1432,640,1333,1242,1030,1969,1881,2140,4612,4734,1099,1911,153,10363,10801,54620,1294,3463,2544,2706,7548,4651,1907,4343,3870,1605,8944,19362,17465,26270,90505,2059,9253,23777,2002
56002,85934,62818,398181,6.45,19.28,5.96,14.7,49.19,22.87,2.9,7.1,2.64,25.77,35.56,6.43,18.33,5.51,30.43,22.04,40.56,22.0,73.45,60.69,16.67,29.58,6.99,6.78,9.22,2.56,2.81,9.73,1.85,3.62,7.57,1.03,7.19,11.52,1.49,16.67,29.58,6.99,10.35,10.44,0.15,23.08,12.08,30.78,13.32,26.95,6.34,22.69,44.56,10.1,8.93,14.6,3.31,14.84,47.57,23.03,63.59,62.72,72.3,18.33,52.64,28.49,Vermont,361,1211,2373,823,3090,9106,162,446,1051,2214,3055,360,1151,2193,1704,1384,16150,1232,4613,24165,933,1858,2783,379,579,1019,157,611,736,202,475,410,402,723,593,933,1858,2783,579,655,59,1292,758,12256,745,1692,2524,1270,2799,4021,500,917,1317,831,2988,9170,3561,3939,28788,1026,3306,11344,2002
603328,925205,806757,4606935,6.18,17.6,5.81,10.7,40.44,18.58,2.6,7.38,2.96,20.47,30.33,6.01,17.15,5.59,40.32,31.25,44.23,18.4,61.25,53.91,11.88,20.53,5.03,5.83,7.95,2.51,1.72,5.52,1.78,2.99,5.65,1.26,5.51,7.95,1.46,11.88,20.53,5.03,7.34,7.5,0.12,36.17,23.35,43.8,8.43,17.7,3.73,15.47,29.57,5.68,7.93,10.75,2.84,14.17,43.38,23.69,64.05,66.03,72.67,15.4,47.83,28.7,Virginia,3728,14198,26766,6455,32625,85596,1568,5953,13636,18938,28061,3626,13835,25752,24326,25211,203764,11101,49413,248359,7167,16562,23172,3517,6413,11563,1037,4453,8200,1803,4558,5804,3324,6413,6726,7167,16562,23172,4428,6050,552,21822,18837,201783,5086,14279,17183,9333,23855,26167,4784,8672,13083,8549,34997,109138,38643,53270,334785,9291,38587,132219,2002
526138,790113,674799,3774646,5.83,18.24,5.85,11.06,41.67,18.76,2.19,7.44,2.56,21.02,31.54,5.7,17.79,5.33,35.22,27.05,41.83,18.15,63.66,60.33,13.49,24.65,6.96,6.12,9.77,3.01,1.77,7.15,1.29,3.08,6.9,1.17,5.76,10.0,1.53,13.49,24.65,6.96,7.14,7.11,0.16,26.99,16.3,28.57,9.11,21.22,4.82,17.64,36.16,9.05,10.19,15.25,3.66,10.84,42.23,21.93,66.48,64.26,72.29,13.22,45.81,25.37,Washington,3067,12308,22081,5819,28118,70812,1152,5020,9663,16608,24920,2998,12004,20118,18530,18253,157893,9549,42957,227724,7097,16633,26271,3219,6592,11361,931,4824,4869,1620,4656,4416,3030,6747,5775,7097,16633,26271,3756,4797,603,14200,10999,107841,4793,14319,18193,9281,24400,34160,5361,10290,13815,5703,28496,82777,34977,43362,272869,6955,30912,95762,2002
140617,219065,192310,1195561,6.32,16.12,4.99,13.11,38.11,17.02,2.3,6.01,2.26,21.48,28.84,6.31,15.53,4.64,34.1,33.85,45.37,18.28,53.18,36.81,11.7,17.37,4.29,6.07,8.09,2.48,2.61,7.42,1.44,3.11,6.03,1.05,5.29,8.37,1.18,11.7,17.37,4.29,7.29,6.27,0.09,33.04,25.76,51.58,8.62,14.67,3.17,16.92,27.87,5.24,8.87,15.67,3.27,17.34,47.96,27.94,59.35,58.54,69.58,21.34,54.26,36.3,West Virginia,888,3100,5965,1843,7328,20348,323,1155,2701,4705,6317,887,2986,5547,4795,6509,54242,2570,10227,44008,1645,3340,5128,853,1555,2964,367,1426,1721,437,1159,1255,743,1609,1410,1645,3340,5128,1025,1205,107,4645,4953,61667,1212,2821,3789,2379,5359,6264,1247,3013,3909,2438,9223,33403,8345,11257,83187,3000,10434,43398,2002
492616,742846,589577,3408991,7.19,23.3,7.39,13.48,54.87,26.5,2.27,8.56,2.95,24.45,34.72,7.0,22.25,6.8,34.07,25.07,38.99,21.39,72.05,60.48,10.73,18.85,4.98,5.59,8.23,2.54,1.98,6.62,1.77,3.08,4.78,1.0,5.67,6.84,0.99,10.73,18.85,4.98,7.17,8.25,0.12,31.12,19.86,37.63,7.71,15.98,3.18,15.84,30.0,5.61,7.58,12.67,2.81,15.32,45.48,23.67,63.58,63.81,71.63,17.3,50.41,28.84,Wisconsin,3541,13737,25192,6640,32350,90338,1118,5046,10056,18162,25791,3448,13118,23181,16783,14780,132916,10537,42479,206175,5285,11113,16976,2753,4852,8658,975,3902,6033,1517,2818,3408,2793,4032,3374,5285,11113,16976,3532,4864,409,15330,11708,128280,3798,9421,10840,7803,17687,19124,3734,7469,9579,7546,26813,80690,31320,37620,244186,8522,29720,98315,2002
47591,72508,57232,309174,7.54,23.24,6.81,12.94,49.68,21.98,2.4,8.17,2.87,24.93,33.64,7.13,23.02,6.22,35.0,22.86,40.48,18.3,66.48,54.35,10.05,18.36,5.07,5.12,8.14,2.61,1.8,7.6,1.25,2.67,5.18,0.92,4.23,7.82,1.19,10.05,18.36,5.07,6.44,7.06,0.12,34.88,21.04,42.85,7.14,15.59,3.27,14.46,28.79,6.38,8.0,12.68,3.08,12.78,44.46,25.5,64.05,61.46,69.95,16.34,55.18,32.55,Wyoming,358,1330,2105,615,2843,6795,114,467,887,1807,2439,339,1317,1923,1665,1308,12515,870,3804,16803,478,1050,1567,243,465,806,85,434,386,127,296,284,201,447,367,478,1050,1567,306,404,37,1659,1204,13248,339,892,1010,688,1647,1972,380,725,952,608,2544,7883,3048,3517,21626,777,3158,10063,2002
386577,586728,502948,2833019,4.75,13.66,5.06,8.04,34.66,17.03,1.66,5.58,2.49,16.05,24.51,4.59,13.15,4.8,42.97,37.88,47.98,14.59,51.15,38.43,9.6,16.18,4.66,5.3,7.98,2.68,1.52,5.08,1.62,2.5,4.68,1.16,4.17,6.01,1.31,9.6,16.18,4.66,5.77,6.16,0.1,39.66,30.61,51.4,6.28,12.67,2.7,12.47,23.67,5.23,7.91,12.71,3.05,13.02,38.94,26.13,61.91,62.02,70.09,15.98,45.07,33.1,Alabama,1837,6868,14335,3106,17430,48250,640,2806,7054,9414,14381,1776,6615,13590,16612,19050,135936,5639,25727,108872,3710,8136,13209,2049,4015,7592,587,2554,4577,964,2353,3278,1610,3023,3715,3710,8136,13209,2228,3098,271,15330,15395,145625,2428,6374,7649,4821,11903,14804,3056,6391,8644,5033,19584,74014,23931,31192,198578,6176,22668,93776,2003
65942,95131,73596,378473,5.97,18.32,7.27,11.09,41.16,22.47,2.24,6.98,3.46,19.29,26.35,5.23,17.75,6.38,36.15,29.51,43.91,15.58,59.74,56.09,12.95,27.34,9.57,5.16,8.42,3.01,2.22,8.02,1.44,3.23,5.84,1.19,5.36,7.85,1.82,12.95,27.34,9.57,7.64,8.39,0.17,25.41,17.13,29.14,10.73,24.06,7.52,18.48,38.6,12.67,7.89,12.53,3.65,12.53,43.25,25.15,66.59,65.06,71.31,15.94,48.03,30.63,Alaska,393,1348,2752,731,3029,8504,147,513,1308,1835,2506,344,1306,2413,2384,2171,16618,1027,4396,21228,853,2012,3623,340,619,1138,146,590,545,212,429,450,353,577,690,853,2012,3623,503,617,64,1675,1260,11029,707,1770,2847,1218,2840,4794,520,921,1380,826,3183,9516,4390,4788,26987,1051,3534,11592,2003
473692,712128,639856,3358207,7.02,19.02,7.58,11.48,41.04,23.04,3.02,7.87,3.31,19.27,27.91,6.79,18.45,7.3,37.54,34.1,41.63,17.96,58.04,53.01,12.36,19.04,6.68,6.88,8.93,3.51,2.94,8.11,2.41,3.61,5.84,1.05,6.34,7.78,1.85,12.36,19.04,6.68,6.41,6.06,0.14,33.66,25.76,42.55,7.72,15.29,3.83,16.68,27.57,6.68,9.1,13.73,4.31,12.42,37.8,26.87,64.49,70.18,74.19,14.6,39.51,30.28,Arizona,3326,12171,25450,5437,26260,77358,1431,5032,11130,13725,19872,3217,11805,24519,17783,21817,139797,8509,37137,178032,5855,12184,22432,3261,5713,11787,1390,5191,8088,1708,3739,3526,3001,4978,6203,5855,12184,22432,3035,3876,484,15942,16479,142877,3655,9783,12857,7901,17641,22423,4309,8787,14464,5884,24189,90225,30547,44904,249145,6914,25278,101686,2003
234269,353016,305111,1706179,5.92,17.11,5.92,10.81,38.98,19.68,2.28,6.81,2.78,18.04,24.75,5.84,16.62,5.67,41.59,35.95,45.27,16.36,53.92,39.78,11.44,20.62,5.03,6.32,9.15,2.69,1.72,5.59,1.43,2.88,5.17,1.24,4.67,7.3,1.51,11.44,20.62,5.03,6.43,6.99,0.11,38.72,26.98,49.8,7.74,16.11,3.47,15.21,28.16,6.23,7.88,13.24,3.29,15.23,49.3,31.44,61.79,60.64,70.44,18.74,54.38,38.4,Arkansas,1386,5220,10103,2533,11894,33575,533,2077,4735,6369,8736,1367,5072,9678,9744,10970,77236,3832,16450,67874,2679,6291,8582,1480,2790,4589,401,1706,2442,675,1577,2118,1094,2227,2573,2679,6291,8582,1506,2131,180,9071,8231,84962,1813,4914,5922,3562,8591,10624,1846,4039,5613,3567,15042,53647,14474,18500,120178,4390,16590,65517,2003
3110163,4655342,4106715,21201563,5.49,14.99,6.19,9.08,36.05,20.59,1.91,6.18,3.22,16.21,24.77,5.06,14.69,5.95,39.02,36.98,47.95,15.1,56.31,55.08,11.51,19.44,7.0,5.71,7.16,3.07,1.64,6.47,1.87,2.62,5.3,1.17,4.61,7.36,1.73,11.51,19.44,7.0,6.02,6.43,0.15,31.9,24.75,38.48,7.79,16.64,4.77,14.36,28.94,8.1,7.4,9.77,3.99,7.39,31.35,18.74,67.0,72.32,78.81,9.2,34.97,21.94,California,17083,61547,131146,28226,148047,436509,5940,25367,68238,75463,115332,15750,60339,126179,121367,151860,1016584,46950,231249,1167751,35789,79834,148350,17754,29398,65028,5100,26576,39586,8148,21753,24745,14346,30213,36769,35789,79834,148350,18732,26412,3149,99214,101658,815745,24241,68335,101101,44670,118865,171641,23010,40140,84624,22975,128757,397256,208389,297009,1670955,28604,143600,465071,2003
386669,587024,533199,2811854,6.56,20.58,7.48,10.84,46.68,24.19,2.44,7.62,3.22,20.88,32.57,6.11,19.9,6.83,32.98,28.46,40.97,20.21,68.99,63.37,13.66,26.14,8.6,6.21,9.79,3.48,2.43,10.03,2.87,2.88,6.26,1.12,4.86,9.58,1.64,13.66,26.14,8.6,7.84,8.32,0.2,28.13,16.9,29.69,9.83,22.34,6.42,19.48,37.19,10.99,8.73,13.88,4.39,13.03,43.05,24.71,64.19,62.03,72.94,16.72,48.9,29.3,Colorado,2537,10970,21028,4191,24890,68014,943,4062,9062,12257,19121,2361,10609,19208,12751,15174,115213,7812,36786,178195,5281,13939,24177,2400,5221,9777,938,5345,8082,1114,3336,3161,1880,5105,4603,5281,13939,24177,3029,4433,566,10877,9008,83479,3802,11910,18044,7531,19830,30898,3375,7400,12340,5038,22955,69488,24820,33073,205092,6463,26071,82387,2003
288076,418839,321169,2260754,5.31,18.83,5.52,11.18,48.24,21.54,1.89,6.62,2.61,21.54,32.53,5.16,18.13,5.08,36.77,27.99,42.46,18.72,71.78,61.3,12.16,25.65,5.95,5.18,7.78,2.42,1.71,6.75,1.42,2.82,6.07,1.14,4.91,8.15,1.68,12.16,25.65,5.95,8.16,8.55,0.13,27.1,17.62,37.23,9.17,23.61,4.33,17.46,38.85,7.41,5.6,11.47,2.74,12.78,40.69,22.27,65.3,67.17,74.53,14.56,45.45,25.62,Connecticut,1529,6048,12472,3221,15492,48703,543,2126,5897,9021,13625,1486,5821,11487,10591,8989,95998,5392,23052,138584,3503,8237,13441,1492,2500,5477,492,2167,3219,812,1949,2577,1415,2617,3798,3503,8237,13441,2349,2745,300,7807,5659,84174,2641,7583,9779,5031,12477,16745,1613,3685,6200,3681,13068,50350,18810,21571,168493,4195,14598,57920,2003
68798,104482,89773,517992,5.62,17.95,6.07,10.29,43.26,22.19,1.93,7.38,2.91,20.57,31.21,5.34,16.97,5.55,39.53,29.79,41.53,18.03,63.28,56.44,13.22,25.44,5.26,5.83,9.92,2.6,1.5,7.02,2.02,2.87,5.8,1.23,4.45,6.78,1.61,13.22,25.44,5.26,7.84,7.5,0.12,29.78,21.18,40.52,9.28,21.92,4.03,17.99,33.58,7.23,7.14,13.87,3.45,13.39,41.68,24.58,63.72,64.9,73.92,15.76,45.86,28.39,Delaware,386,1611,3144,707,3883,11492,132,662,1506,2149,3260,367,1523,2874,2719,2674,21509,1240,5680,29234,909,2283,2723,401,890,1345,103,630,1045,197,520,637,306,608,836,909,2283,2723,539,673,63,2049,1901,20989,638,1967,2089,1237,3014,3746,491,1245,1784,921,3741,12734,4383,5826,38289,1084,4116,14705,2003
37663,70494,86340,368154,3.05,16.4,8.37,5.81,40.32,24.83,1.43,6.82,4.68,16.6,30.88,2.61,16.18,8.04,44.13,36.61,46.63,13.17,67.86,59.23,11.83,25.91,8.84,4.24,6.81,3.6,0.61,4.51,3.58,2.06,6.04,2.33,3.76,7.89,1.94,11.83,25.91,8.84,6.98,8.35,0.17,27.61,18.93,35.84,7.7,23.71,7.04,15.09,37.15,10.88,5.18,6.94,2.82,7.02,32.7,26.0,62.35,73.66,76.35,9.47,37.12,29.06,District of Columbia,114,1415,3079,218,3481,9141,53,588,1722,1170,2177,98,1397,2958,1661,3161,17166,496,5858,21806,445,2237,3253,159,588,1326,23,389,1316,77,521,859,141,680,714,445,2237,3253,262,721,64,1039,1634,13194,289,2047,2590,568,3207,4005,194,599,1039,264,2823,9572,2348,6359,28108,356,3204,10698,2003
1322893,1971824,1674866,11271618,5.26,16.45,5.65,9.23,38.54,20.63,1.79,6.33,2.64,16.65,27.22,4.85,15.98,5.27,40.37,37.59,46.36,16.92,59.25,55.4,11.18,21.13,6.57,5.07,8.23,2.84,1.79,6.58,1.92,3.06,5.7,1.31,5.04,7.62,1.8,11.18,21.13,6.57,6.6,6.43,0.12,34.11,26.18,45.64,8.29,17.61,4.69,15.84,29.66,8.07,6.88,12.39,3.44,11.64,36.03,23.43,63.56,69.12,74.91,13.78,40.98,27.67,Florida,6962,27549,63732,12215,64542,232533,2362,10604,29789,32828,53675,6421,26769,59401,53410,62953,522536,22387,99238,624463,14795,35397,74070,6707,13779,32059,2366,11013,21593,4046,9546,14733,6661,12757,20337,14795,35397,74070,8729,10776,1384,45118,43855,514452,10968,29501,52863,20954,49683,90945,9105,20753,38774,15404,60350,264110,84081,115759,844324,18231,68636,311901,2003
753010,1137256,1010863,5248601,4.62,14.79,6.22,8.06,34.21,19.99,1.61,5.27,2.99,15.21,24.03,4.52,14.73,5.83,42.75,38.04,49.15,14.96,53.01,49.63,10.21,17.56,5.3,5.32,7.93,2.93,1.54,5.0,1.95,2.64,3.83,1.32,4.62,5.82,1.57,10.21,17.56,5.3,5.95,5.02,0.13,34.53,29.3,46.58,6.81,13.28,3.26,14.06,24.19,6.49,8.07,10.63,3.54,12.32,35.28,25.38,64.45,67.29,73.65,15.18,41.55,30.42,Georgia,3477,14950,32638,6072,34583,104942,1215,5325,15678,17299,27331,3400,14892,30599,32191,38457,257976,11267,53584,260480,7690,17747,27832,4007,8019,15385,1157,5051,10219,1989,3873,6913,3475,5880,8255,7690,17747,27832,4482,5074,697,26000,29615,244479,5124,13425,17102,10590,24454,34078,6077,10748,18587,9276,35666,133201,48532,68019,386559,11430,41998,159654,2003
98756,152832,143966,799750,6.29,18.0,6.04,11.41,41.08,22.5,2.76,7.24,3.02,20.31,28.14,6.06,17.72,5.85,39.62,33.29,41.18,17.24,58.75,51.07,13.45,19.9,6.68,6.25,7.07,2.53,1.58,5.35,1.18,2.75,5.27,0.97,5.23,7.63,1.44,13.45,19.9,6.68,7.0,8.81,0.09,29.14,23.78,36.14,9.9,17.41,5.05,17.49,30.38,7.77,6.35,9.39,2.76,8.55,34.08,21.39,65.62,68.13,72.49,12.0,36.62,23.99,Hawaii,620,2590,4830,1126,5913,17996,272,1042,2416,3104,4300,598,2551,4676,3912,4792,32935,1702,8457,40845,1328,2864,5345,617,1017,2022,156,770,941,271,758,774,516,1098,1151,1328,2864,5345,690,1267,71,2877,3423,28900,977,2506,4041,1726,4373,6217,627,1351,2207,844,4905,17103,6480,9807,57975,1185,5272,19189,2003
132330,196987,160806,803948,7.42,18.1,6.47,11.07,36.29,19.68,2.7,7.23,3.05,18.53,26.54,7.28,17.72,6.15,37.46,30.48,42.04,16.77,53.77,51.29,10.88,16.48,5.23,5.51,7.57,2.7,1.69,4.82,0.88,3.13,4.83,1.04,5.62,7.28,1.4,10.88,16.48,5.23,6.27,5.73,0.13,36.02,25.62,40.59,7.88,13.04,3.45,14.53,25.14,5.79,8.55,13.52,3.64,11.96,38.64,22.79,65.41,67.39,73.06,14.29,42.88,27.17,Idaho,982,2911,5199,1465,5835,15818,357,1162,2455,3650,5227,962,2849,4946,4957,4900,33799,2218,8646,41233,1440,2650,4208,729,1217,2168,223,774,706,413,776,833,743,1170,1124,1440,2650,4208,829,921,107,4765,4120,32633,1042,2097,2774,1923,4042,4652,1131,2173,2925,1582,6214,18321,8655,10837,58737,1891,6895,21845,2003
1086312,1618990,1400035,7759718,5.8,19.12,7.02,11.28,46.75,23.41,2.15,7.59,3.19,21.34,30.27,5.57,18.58,6.6,38.57,31.49,42.73,17.95,64.52,54.55,10.74,20.48,4.92,5.13,7.57,2.28,1.55,6.24,1.75,3.11,5.1,1.15,4.87,7.04,1.34,10.74,20.48,4.92,6.16,6.99,0.13,32.72,22.3,41.15,7.6,17.62,3.36,14.31,29.83,6.11,6.58,10.79,2.45,12.38,42.09,25.58,64.64,63.63,71.23,14.39,46.3,30.04,Illinois,6299,26770,54451,12248,65451,181643,2338,10622,24720,34549,49004,6052,26014,51236,41894,44091,331561,19499,90330,423270,11663,28678,38177,5577,10604,17714,1688,8732,13590,3376,7134,8912,5291,9860,10364,11663,28678,38177,6690,9782,1019,35544,31218,319323,8254,24674,26083,15543,41763,47445,7143,15112,19022,13450,58921,198482,70214,89086,552691,15636,64827,233101,2003
537484,825764,700075,3824444,5.95,18.73,6.06,9.54,44.49,20.04,2.15,7.45,2.54,18.42,26.96,5.31,17.7,5.39,40.16,30.72,44.65,15.56,61.56,48.75,10.08,20.65,5.55,5.56,8.24,2.41,1.84,6.65,1.66,2.75,5.27,1.14,4.12,7.03,1.5,10.08,20.65,5.55,5.5,7.47,0.13,36.23,23.39,44.45,7.27,17.23,3.93,13.73,28.42,6.52,8.26,15.67,3.73,13.68,44.27,27.01,64.24,63.03,70.36,16.18,49.03,32.09,Indiana,3199,13114,23176,5128,31144,76647,1154,5214,9730,15210,22259,2852,12390,20613,21583,21506,170772,8364,43094,186452,5417,14459,21242,2987,5771,9205,990,4657,6348,1478,3692,4376,2213,4919,5725,5417,14459,21242,2957,5226,497,19471,16377,169980,3908,12065,15030,7377,19895,24935,4437,10968,14276,7352,30989,103292,34528,44124,269082,8696,34322,122731,2003
257347,402663,330536,1849005,7.26,19.69,6.23,13.39,48.88,23.99,2.63,7.04,2.54,24.15,33.65,6.76,18.28,5.79,32.51,26.1,36.47,19.77,67.42,57.94,9.29,15.76,4.23,4.45,7.13,2.1,2.03,5.94,1.33,2.57,4.35,0.93,4.24,5.9,1.38,9.29,15.76,4.23,5.46,7.13,0.11,39.59,25.5,46.32,7.08,13.3,3.03,13.35,25.68,5.62,6.3,8.83,2.07,13.78,41.29,25.13,61.94,59.93,67.38,15.91,48.15,29.58,Iowa,1867,6508,11514,3446,16158,44365,676,2328,4688,9725,13550,1738,6040,10705,8365,8626,67430,5087,22284,107133,2391,5208,7813,1144,2355,3888,522,1964,2453,662,1439,1719,1091,1949,2554,2391,5208,7813,1404,2358,208,10189,8428,85637,1821,4396,5607,3436,8487,10383,1620,2917,3832,3545,13648,46457,15940,19809,124583,4094,15915,54701,2003
247240,381343,314274,1663508,5.15,18.41,5.4,11.24,44.92,19.49,1.82,6.9,2.33,21.58,30.98,4.98,17.55,5.15,38.08,28.17,43.1,18.88,65.5,51.3,9.32,16.78,4.48,4.48,6.87,2.23,1.7,6.06,1.42,2.58,4.63,0.96,3.82,6.31,1.15,9.32,16.78,4.48,5.2,7.51,0.11,37.76,23.33,45.85,7.25,13.94,2.89,13.15,25.65,5.4,6.24,10.88,2.89,13.48,39.09,24.82,59.96,63.27,72.49,15.27,45.46,30.67,Kansas,1273,5785,8985,2779,14115,32428,451,2168,3873,8229,11814,1230,5514,8567,9414,8852,71704,4667,20584,85330,2303,5273,7459,1107,2158,3716,419,1904,2366,638,1455,1599,945,1984,1917,2303,5273,7459,1285,2359,190,9336,7332,76267,1792,4381,4814,3250,8061,8978,1541,3420,4809,3332,12284,41293,14825,19885,120587,3775,14287,51024,2003
339688,521051,462282,2604052,5.09,14.58,4.85,10.67,38.86,17.37,1.88,5.95,2.4,19.25,28.29,5.05,14.01,4.6,39.35,33.94,44.04,17.93,56.85,40.3,11.23,18.36,6.0,6.38,9.59,3.05,1.91,6.18,1.78,3.17,5.11,1.22,4.91,7.02,1.49,11.23,18.36,6.0,6.69,6.27,0.12,38.92,25.82,44.29,7.77,14.17,3.69,15.59,25.73,6.58,9.61,16.94,4.11,16.68,51.27,33.28,59.54,53.98,64.25,22.02,57.39,38.16,Kentucky,1729,6739,12622,3623,17964,45232,637,2749,6249,10028,14739,1713,6475,11971,13365,15688,114682,6091,26282,104947,3813,8485,15624,2166,4434,7946,647,2856,4638,1078,2362,3180,1668,3243,3872,3813,8485,15624,2273,2900,323,13221,11937,115337,2639,6548,9616,5294,11896,17130,3265,7829,10691,5664,23699,86655,20226,24954,167314,7478,26528,99370,2003
416754,632425,539124,2702401,5.6,17.08,6.22,10.37,40.05,22.36,2.5,7.27,3.25,18.57,30.5,4.84,16.27,5.75,40.51,36.09,46.19,18.74,61.12,47.49,10.36,20.44,5.16,5.86,8.89,3.05,1.52,5.14,2.27,2.61,5.1,1.48,4.14,6.76,1.84,10.36,20.44,5.16,5.42,7.58,0.1,37.54,25.21,50.05,6.69,16.86,3.31,12.67,27.03,5.75,7.31,13.3,3.31,14.11,41.56,27.26,60.15,63.51,70.53,16.62,47.31,31.66,Louisiana,2335,9208,16816,4322,21591,60433,1041,3918,8782,11746,19288,2017,8769,15527,16881,19454,124835,7809,32950,128348,4316,11022,13948,2443,4793,8234,632,2769,6142,1089,2747,4011,1726,3642,4983,4316,11022,13948,2259,4085,262,15644,13589,135262,2786,9088,8937,5279,14572,15531,3045,7168,8956,5879,22405,73671,25068,34238,190604,6926,25503,85561,2003
111236,161790,119922,867060,5.38,18.03,5.79,10.72,44.88,19.87,2.25,7.88,2.72,21.82,29.5,5.25,17.03,5.14,32.88,24.98,38.6,16.15,66.53,55.16,12.32,26.08,6.89,5.21,10.13,2.68,2.02,7.89,1.45,2.82,6.58,0.94,5.11,8.92,1.57,12.32,26.08,6.89,7.97,10.16,0.13,26.68,14.61,33.28,10.33,23.81,5.62,18.26,37.99,8.22,7.0,14.03,2.89,11.78,43.42,25.81,64.9,61.81,70.8,13.39,49.96,30.32,Maine,597,2162,5020,1192,5382,17230,250,944,2357,3530,4772,583,2042,4455,3657,2995,33469,1796,7978,47825,1370,3127,5974,579,1214,2323,224,946,1257,314,788,818,568,1069,1363,1370,3127,5974,886,1218,116,2968,1751,28855,1148,2855,4872,2031,4555,7129,778,1682,2508,1309,5207,22381,7219,7412,61386,1489,5991,26289,2003
468360,678477,555067,3479455,5.07,15.67,6.38,9.19,39.25,20.27,1.88,6.14,3.42,17.25,27.68,4.92,14.91,5.93,39.35,35.21,43.64,16.52,63.48,57.94,10.67,21.94,4.96,4.78,7.49,2.57,1.3,4.73,1.67,2.84,5.88,1.29,4.79,8.5,1.44,10.67,21.94,4.96,6.52,7.28,0.13,30.24,21.69,38.09,7.76,19.37,3.35,14.6,30.4,6.74,5.93,10.47,2.79,10.56,35.1,22.39,65.37,64.77,74.32,12.21,41.18,26.37,Maryland,2376,8698,22198,4303,21785,70528,880,3407,11889,11701,18778,2304,8276,20643,18429,19545,151833,7737,35234,201584,4996,12176,17253,2239,4155,8947,607,2623,5805,1330,3262,4478,2243,4720,5015,4996,12176,17253,3051,4041,447,14164,12041,132542,3632,10751,11646,6839,16874,23441,2776,5811,9707,4945,19480,77914,30617,35949,258588,5718,22856,91743,2003
519155,788425,690435,4159379,7.04,18.68,7.1,13.51,47.22,25.31,2.76,7.5,3.46,22.21,32.34,6.84,18.22,6.31,34.26,24.58,36.89,20.26,69.71,63.39,13.72,27.99,6.22,6.09,10.34,2.36,1.9,7.91,2.16,3.39,8.12,1.38,5.96,10.16,1.61,13.72,27.99,6.22,7.78,8.41,0.16,25.86,14.49,28.59,10.49,25.03,5.09,19.75,39.06,11.32,7.47,14.46,3.49,11.15,38.09,20.9,67.67,70.49,77.39,13.8,42.51,24.56,Massachusetts,3653,12894,29519,7011,32599,105273,1430,5180,14385,17509,25494,3551,12580,26239,17784,16972,153427,10518,48130,263663,7124,19323,25889,3163,7141,9804,985,5464,8984,1760,5607,5751,3094,7012,6678,7124,19323,25889,4039,5803,677,13423,10006,118928,5447,17282,21189,10255,26969,47066,3878,9981,14498,5786,26298,86925,35128,48669,321906,7165,29350,102160,2003
882814,1314783,1057575,6243540,6.14,17.93,7.0,11.48,44.3,23.2,2.18,7.49,3.36,20.71,30.84,5.94,16.94,6.6,38.22,29.8,41.63,18.39,65.77,56.85,12.49,21.43,6.68,6.15,7.87,2.55,1.91,6.01,1.92,3.2,5.2,1.17,5.62,7.1,1.35,12.49,21.43,6.68,6.67,7.84,0.14,31.85,19.56,38.13,9.07,18.71,5.17,16.64,32.41,8.69,9.23,12.12,3.47,13.0,42.29,27.45,64.03,63.79,72.6,15.32,47.31,31.96,Michigan,5424,18960,43722,10133,46852,144850,1928,7921,20987,27227,40553,5242,17912,41225,33737,31512,259909,16234,69561,354936,11027,22665,41680,5429,8323,15938,1682,6360,11996,2821,5502,7287,4961,7511,8419,11027,22665,41680,5892,8292,883,28121,20687,238048,8004,19791,32261,14690,34276,54256,8147,12813,21656,11480,44724,171411,56525,67464,453254,13525,50036,199516,2003
454378,676636,553626,3140474,6.9,20.5,7.0,12.51,49.23,26.0,2.48,7.6,3.03,23.56,32.49,6.29,19.34,6.22,36.46,24.89,38.52,18.63,70.11,61.92,11.1,19.18,4.9,5.03,7.21,2.16,2.14,6.92,1.53,3.24,4.89,0.95,5.23,6.96,1.35,11.1,19.18,4.9,6.65,7.22,0.15,29.42,17.82,33.11,8.52,17.39,4.01,16.53,30.29,7.13,6.28,9.08,2.71,14.7,47.1,24.22,63.78,60.33,71.91,16.76,50.69,29.23,Minnesota,3135,11350,21969,5682,27254,81638,1128,4205,9529,15940,21984,2856,10704,19533,16568,13782,120966,8464,38814,194471,5042,10620,15383,2286,3991,6796,974,3833,4809,1472,2705,2969,2377,3852,4244,5042,10620,15383,3023,3997,466,13365,9864,103990,3869,9625,12584,7510,16771,22382,2852,5024,8497,6680,26078,76062,28982,33401,225826,7615,28062,91791,2003
262805,405833,344243,1721203,3.78,13.9,5.38,8.27,32.35,18.96,1.38,5.18,2.97,15.65,24.15,3.5,13.58,5.09,44.58,41.74,52.04,14.39,50.62,36.73,10.4,16.38,4.1,6.15,7.42,2.41,1.1,4.07,1.7,2.43,4.37,1.28,3.88,6.37,1.59,10.4,16.38,4.1,4.49,5.32,0.1,39.03,30.93,53.76,5.92,12.93,2.8,10.96,22.01,4.83,8.49,10.19,2.76,12.46,41.2,29.21,59.47,63.02,71.23,16.14,47.64,35.77,Mississippi,992,4784,9260,2173,11136,32638,361,1781,5104,6351,9799,920,4674,8765,11716,14368,89566,3781,17427,63222,2733,5638,7054,1615,2555,4150,288,1400,2933,639,1504,2198,1019,2192,2729,2733,5638,7054,1181,1832,164,10257,10646,92536,1556,4451,4816,2879,7576,8313,2230,3509,4757,3273,14182,50281,15629,21694,122603,4240,16399,61572,2003
497673,750624,626371,3581959,6.09,19.05,5.94,12.17,43.28,22.84,1.85,7.38,2.61,20.48,31.37,5.86,18.53,5.7,36.93,29.29,40.37,19.03,63.95,55.51,9.84,21.19,6.7,5.22,8.7,3.0,1.87,6.82,2.13,2.86,5.55,1.1,4.54,7.89,1.59,9.84,21.19,6.7,6.89,7.15,0.14,33.63,22.45,39.13,7.29,18.39,4.53,15.58,30.93,7.75,7.61,12.97,3.46,16.98,46.45,30.1,61.81,61.0,69.79,20.27,51.16,35.96,Missouri,3032,11935,21266,6058,27108,81827,921,4621,9333,15371,23546,2917,11604,20412,18380,18345,144608,9468,40053,198849,4894,13273,23999,2598,5451,10740,931,4270,7634,1421,3478,3929,2261,4941,5679,4894,13273,23999,3427,4479,501,16738,14060,140172,3625,11519,16231,7753,19370,27775,3787,8124,12388,8452,29094,107816,30759,38210,249979,10089,32046,128791,2003
84341,126635,98282,585122,10.56,23.32,8.19,17.11,50.72,24.78,4.43,9.66,3.36,27.96,37.5,9.76,22.39,7.56,32.12,24.9,38.99,23.93,68.81,57.76,15.01,22.81,7.81,6.68,7.29,2.63,2.3,7.08,1.57,3.46,5.39,1.06,6.17,7.91,1.47,15.01,22.81,7.81,8.86,10.41,0.13,28.13,17.43,35.74,11.72,20.95,6.73,20.46,35.5,9.19,7.92,10.49,2.75,15.54,43.83,25.98,64.69,65.87,72.65,20.47,52.93,32.32,Montana,890,2292,4792,1443,4984,14498,373,949,1968,3541,4748,823,2200,4424,2709,2447,22816,2018,6762,33797,1266,2241,4572,563,716,1537,193,695,916,292,529,619,520,777,857,1266,2241,4572,747,1023,75,2372,1712,20913,988,2059,3937,1725,3489,5378,668,1031,1608,1310,4307,15203,5456,6474,42510,1726,5202,18911,2003
157534,241992,199000,1065380,8.32,24.14,7.26,13.51,49.3,23.33,2.69,7.78,3.13,23.12,33.78,7.85,22.42,6.85,36.11,25.32,40.58,21.01,67.66,55.6,12.08,18.72,4.78,5.67,7.96,2.17,2.0,5.46,1.35,3.32,4.55,1.16,5.11,6.08,1.49,12.08,18.72,4.78,6.33,6.05,0.11,33.91,26.18,44.38,8.73,15.59,3.71,15.62,27.04,6.27,7.07,9.95,2.19,15.33,42.99,23.78,63.07,63.1,71.33,17.9,47.87,28.74,Nebraska,1310,4803,7737,2128,9811,24858,423,1548,3333,5594,8174,1236,4462,7297,5688,5037,43233,3310,13465,59230,1902,3726,5095,893,1583,2310,314,1086,1442,522,906,1232,804,1210,1587,1902,3726,5095,996,1204,120,5341,5209,47278,1374,3101,3947,2460,5381,6681,1113,1980,2328,2414,8555,25334,9934,12556,75998,2819,9525,30619,2003
178052,260462,238961,1411651,6.71,16.47,6.95,10.53,34.97,21.09,2.2,6.97,3.1,16.94,26.65,6.56,15.79,6.78,38.73,34.8,43.41,17.84,56.67,54.82,12.3,22.05,8.08,5.12,9.5,3.64,1.84,7.24,1.7,3.29,5.43,1.17,5.2,7.57,1.56,12.3,22.05,8.08,8.15,6.12,0.15,32.97,22.27,35.56,9.3,18.27,5.61,19.01,28.88,8.29,9.34,13.29,4.03,11.97,35.94,30.86,64.47,63.29,71.42,14.54,41.99,35.22,Nevada,1194,3935,9804,1875,8356,29771,391,1666,4380,4412,6941,1168,3773,9564,6895,8316,61283,3176,13541,77392,2189,5269,11410,911,2270,5142,327,1730,2397,586,1296,1655,926,1809,2204,2189,5269,11410,1450,1462,217,5870,5320,50204,1655,4366,7925,3384,6900,11706,1663,3175,5686,2130,8587,43559,11479,15124,100816,2589,10032,49722,2003
111284,164674,120731,827494,7.21,22.57,6.94,12.86,48.99,21.62,2.29,7.65,2.95,24.56,35.54,7.01,21.66,6.55,28.93,20.93,36.75,20.9,72.11,63.82,14.28,29.95,7.97,5.94,11.85,2.69,2.43,9.95,1.9,3.22,7.35,1.15,6.48,10.43,1.36,14.28,29.95,7.97,8.62,11.06,0.16,22.57,12.66,30.79,11.75,27.45,7.29,20.22,44.2,11.22,7.67,16.01,3.35,13.55,44.32,24.68,60.26,61.58,71.06,16.37,49.82,30.44,New Hampshire,802,2724,5741,1430,5914,17888,254,923,2444,4043,5853,780,2615,5417,3219,2526,30409,2325,8705,52808,1588,3615,6597,661,1430,2227,270,1201,1574,358,887,951,720,1259,1128,1588,3615,6597,959,1335,133,2511,1528,25474,1307,3314,6033,2250,5336,9286,853,1932,2773,1507,5350,20419,6705,7434,58800,1821,6014,25192,2003
697305,993677,809086,5556224,4.98,16.32,5.04,9.92,42.51,20.92,1.78,6.48,2.63,17.84,29.24,4.81,15.61,4.58,38.17,33.92,46.6,18.27,64.99,61.37,10.19,21.21,4.57,4.92,9.0,2.39,1.66,6.42,1.72,2.69,5.52,1.06,4.5,7.04,1.27,10.19,21.21,4.57,6.53,6.36,0.12,34.34,22.26,44.15,7.31,17.9,3.02,13.97,29.74,5.29,5.76,10.24,2.48,11.23,40.2,22.16,64.49,67.14,77.46,13.09,44.13,25.88,New Jersey,3474,13204,27995,6919,34390,116212,1244,5239,14636,17730,29056,3355,12630,25423,26616,27441,258935,12739,52585,340985,7107,17157,25415,3432,7279,13255,1156,5193,9564,1876,4466,5889,3140,5695,7064,7107,17157,25415,4554,5148,690,23942,18009,245323,5099,14481,16795,9741,24062,29368,4013,8283,13787,7833,32521,123125,44967,54323,430369,9128,35706,143787,2003
178218,263297,210936,1136028,7.4,21.76,7.78,13.35,40.82,22.16,2.65,9.57,3.21,21.34,31.34,7.14,20.63,7.23,39.96,37.24,50.11,19.79,60.13,49.41,13.9,22.24,7.14,6.15,9.77,3.25,2.59,9.56,1.8,3.18,6.78,1.05,5.73,9.86,1.87,13.9,22.24,7.14,8.26,10.15,0.15,29.88,22.45,43.33,10.21,19.02,4.84,18.9,33.54,7.38,8.35,10.85,3.76,12.03,38.12,22.98,61.46,67.34,75.8,15.04,44.94,27.84,New Mexico,1319,4589,8833,2379,8611,25174,472,2019,3651,5619,8252,1272,4351,8210,7122,7854,56929,3526,12684,56134,2477,4692,8106,1095,2060,3690,462,2016,2049,566,1429,1197,1021,2079,2127,2477,4692,8106,1472,2141,175,5324,4735,49227,1818,4011,5493,3368,7074,8382,1488,2289,4269,2143,8040,26101,10953,14205,86107,2680,9478,31625,2003
1585776,2378280,2091150,12197228,5.5,15.95,5.91,10.55,42.5,22.9,2.15,6.62,3.27,20.18,31.6,5.26,15.59,5.52,39.47,31.44,43.57,19.1,64.66,57.69,11.56,23.96,6.22,4.75,7.66,2.24,1.35,6.86,1.97,3.07,6.11,1.33,4.85,8.37,1.53,11.56,23.96,6.22,6.69,7.94,0.13,29.76,21.92,38.66,8.73,21.44,4.88,15.74,33.74,8.32,5.91,10.03,2.52,11.24,38.96,24.21,65.29,68.1,75.21,12.38,42.61,27.74,New York,8724,33350,72120,16732,88879,279264,3413,13849,39937,47990,75146,8347,32607,67380,62595,65736,531450,30286,135219,703640,18336,50106,75866,7527,16018,27286,2136,14339,24028,4875,12776,16170,7691,17496,18644,18336,50106,75866,10604,16594,1533,47194,45843,471544,13850,44840,59487,24964,70549,101463,9374,20980,30789,17817,81471,295294,103530,142398,917405,19631,89100,338298,2003
684696,1061754,952281,5348764,5.37,16.15,5.26,9.57,37.92,17.71,1.87,6.08,2.72,17.5,26.35,5.1,15.65,4.84,39.34,33.56,48.27,15.57,56.83,42.69,13.07,20.62,5.3,6.51,8.2,2.82,1.76,6.13,1.78,3.16,5.06,1.2,5.01,6.7,1.6,13.07,20.62,5.3,7.46,6.82,0.11,34.93,24.46,46.59,8.25,17.58,3.85,16.31,27.21,6.21,8.54,11.87,3.38,13.84,44.81,28.55,61.62,59.99,70.46,16.99,49.17,35.1,North Carolina,3675,15377,28149,6554,36111,94734,1282,5788,14556,18577,27981,3489,14907,25888,26934,31957,258169,10659,54114,228346,8950,19634,28333,4455,7808,15068,1207,5834,9543,2161,4817,6441,3432,6381,8550,8950,19634,28333,5107,6490,603,23917,23296,249183,5647,16738,20569,11170,25910,33231,5844,11307,18071,9478,42667,152707,42191,57131,376858,11631,46825,187741,2003
58101,96453,82869,395812,9.5,26.06,7.3,15.69,54.59,28.24,3.05,8.35,2.84,30.06,40.4,8.73,24.77,6.53,32.84,23.31,36.37,23.99,72.66,59.88,11.04,17.16,4.23,5.55,6.67,2.09,1.81,5.48,1.03,3.04,4.24,0.91,5.08,6.61,1.26,11.04,17.16,4.23,6.61,8.12,0.1,34.71,23.73,42.07,7.13,14.58,2.91,15.27,27.91,4.94,6.39,7.94,2.33,16.49,41.46,25.14,61.91,62.99,68.75,19.77,48.69,30.07,North Dakota,552,2159,2890,911,4524,11178,177,691,1125,2899,3896,506,2052,2582,1907,1931,14397,1394,6021,23701,641,1421,1674,322,552,827,105,453,405,176,351,361,295,548,498,641,1421,1674,384,672,37,2016,1966,16651,414,1208,1150,887,2312,1955,371,658,920,958,3435,9951,3597,5220,27210,1148,4034,11900,2003
984356,1461960,1211530,7205410,5.63,18.31,6.33,10.88,45.82,22.44,1.71,7.74,2.84,20.7,29.74,5.41,17.45,5.93,37.93,28.38,39.62,16.99,65.4,54.39,11.24,20.67,5.42,5.18,7.99,2.43,1.59,6.58,1.77,2.77,5.74,1.22,5.09,7.71,1.37,11.24,20.67,5.42,6.49,7.34,0.12,34.57,22.25,41.58,8.58,18.24,4.12,15.02,30.39,6.92,7.17,12.21,3.04,14.05,45.13,29.33,62.24,60.01,69.41,16.8,51.19,35.16,Ohio,5546,22181,45610,10708,55508,161658,1683,9378,20442,30262,43480,5329,21146,42707,37333,34379,285447,16719,79234,391881,11062,25044,39073,5098,9678,17498,1560,7971,12753,2725,6957,8800,5008,9342,9902,11062,25044,39073,6384,8894,885,34029,26961,299611,8444,22094,29675,14780,36814,49892,7053,14792,21914,13828,54678,211344,61266,72702,500117,16541,62023,253331,2003
309079,480154,414975,2162955,5.55,16.93,5.34,10.43,38.14,17.04,1.97,6.62,2.31,18.61,28.05,5.29,16.59,4.99,38.02,31.81,46.54,15.85,58.6,44.53,11.91,19.38,6.25,6.08,10.82,2.97,1.74,5.71,1.22,2.83,5.49,1.08,4.85,7.2,1.57,11.91,19.38,6.25,6.22,6.58,0.11,34.9,26.2,45.71,7.99,15.77,3.54,15.14,25.82,5.89,9.05,15.2,3.78,14.37,44.55,29.52,60.32,58.94,68.78,17.14,52.76,35.37,Oklahoma,1714,7024,11550,3223,15828,36850,608,2747,5002,8937,13469,1635,6882,10793,11749,13202,100657,4899,24317,96307,3681,8041,13515,1880,4488,6433,539,2368,2638,876,2276,2326,1498,2989,3392,3681,8041,13515,1922,2732,234,10787,10871,98865,2470,6545,7663,4678,10716,12736,2798,6305,8182,4440,18487,63850,18642,24460,148774,5296,21892,76494,2003
296641,446724,391162,2261752,5.74,17.64,5.95,10.39,40.87,18.73,2.12,7.18,2.96,18.49,28.49,5.63,16.6,5.5,36.35,28.99,42.18,17.1,65.58,57.11,12.38,25.19,8.56,5.55,9.46,3.27,1.81,7.11,1.66,2.54,6.31,1.29,5.06,9.01,1.56,12.38,25.19,8.56,7.02,7.75,0.15,28.3,16.24,32.28,9.33,22.41,6.79,17.69,36.79,9.78,9.01,14.58,3.99,11.04,40.96,23.86,67.72,68.37,73.08,14.2,46.08,29.24,Oregon,1702,6901,13463,3082,15987,42372,630,2807,6688,8258,12729,1670,6494,12446,10783,11338,95391,5073,25652,129168,3672,9854,19363,1645,3700,7402,538,2780,3748,752,2466,2917,1501,3523,3528,3672,9854,19363,2081,3030,336,8394,6353,73006,2768,8767,15357,5246,14391,22126,2672,5703,9027,3274,16021,53958,20088,26744,165298,4213,18026,66133,2003
1039795,1560855,1261303,8058733,5.17,17.87,5.36,10.93,45.98,20.99,1.84,6.55,2.48,20.88,30.66,5.04,17.34,4.98,35.79,26.79,39.55,17.73,65.05,53.84,11.03,20.71,5.0,5.3,8.03,2.42,1.4,6.41,1.76,2.86,5.22,1.03,4.72,7.2,1.15,11.03,20.71,5.0,6.53,7.62,0.1,32.46,20.79,43.64,8.07,17.88,3.44,15.01,30.16,6.14,6.17,10.96,2.46,14.09,43.84,26.31,62.47,61.58,70.74,16.21,49.44,31.98,Pennsylvania,5377,22534,43206,11360,58000,169129,1916,8256,19997,32595,47858,5239,21874,40109,37214,33786,318734,18440,82053,433847,11465,26116,40305,5515,10131,19467,1458,8088,14148,2969,6585,8312,4903,9084,9302,11465,26116,40305,6789,9609,840,33753,26217,351694,8389,22548,27745,15605,38042,49492,6415,13822,19835,14655,55291,211990,64957,77676,570063,16850,62353,257683,2003
87943,141202,122168,679651,6.33,24.52,7.67,12.19,53.95,23.73,2.33,10.22,3.5,25.88,37.57,6.03,22.87,6.71,35.17,28.03,38.17,21.25,75.22,60.98,13.19,32.43,7.16,5.44,13.07,3.02,1.95,11.39,2.47,3.56,8.09,1.48,5.44,10.97,1.44,13.19,32.43,7.16,7.79,10.04,0.16,25.7,15.77,34.69,10.68,29.92,5.93,18.11,45.28,9.53,7.26,16.62,3.79,12.97,45.92,24.94,65.06,72.15,74.24,15.38,50.09,28.8,Rhode Island,556,2995,5211,1072,6591,16130,205,1248,2376,3654,5304,529,2794,4557,3092,3424,25942,1868,9189,41446,1160,3961,4868,478,1596,2050,171,1391,1675,312,988,1004,478,1340,978,1160,3961,4868,684,1226,105,2260,1926,23579,939,3654,4033,1592,5531,6478,638,2030,2572,1140,5609,16952,5721,8814,50455,1352,6119,19571,2003
356319,547056,475408,2609454,4.69,18.77,6.41,8.42,41.18,21.06,1.71,7.57,3.26,17.5,26.62,4.41,17.92,5.97,42.71,33.63,48.17,14.05,60.26,46.67,10.71,19.76,4.87,5.12,8.48,2.57,1.56,6.04,2.09,2.46,4.39,1.19,4.26,7.19,1.37,10.71,19.76,4.87,6.32,7.91,0.1,35.63,24.21,46.93,7.03,16.62,3.6,13.24,27.89,6.15,7.29,11.97,3.41,11.75,42.17,26.08,62.24,62.07,71.78,14.96,47.55,31.15,South Carolina,1672,8922,16726,2999,19575,54958,609,3599,8503,9572,14562,1572,8521,15567,15219,15989,125689,5007,28647,121775,3817,9396,12715,1822,4030,6713,556,2872,5446,877,2089,3094,1517,3417,3563,3817,9396,12715,2252,3760,272,12695,11510,122465,2506,7901,9401,4719,13260,16055,2599,5688,8909,4188,20048,68047,22177,29509,187317,5331,22607,81280,2003
72201,110009,87563,467901,9.29,25.31,7.86,14.94,53.49,25.04,3.64,8.61,3.67,27.39,36.27,8.17,23.32,6.91,33.18,23.42,38.35,21.13,71.27,57.54,12.6,17.51,4.13,6.1,7.45,1.9,2.19,5.17,1.05,2.98,4.39,0.92,4.98,6.11,1.2,12.6,17.51,4.13,7.88,8.36,0.11,35.16,21.36,40.69,8.99,14.47,2.82,16.73,27.97,5.07,7.41,8.71,2.14,18.43,49.91,27.24,61.2,57.11,67.48,21.5,56.26,32.26,South Dakota,671,2216,3677,1078,4683,11717,263,754,1717,3013,3989,589,2042,3231,2395,2050,17944,1525,6240,26923,909,1532,1931,440,652,890,158,452,493,215,384,430,359,534,562,909,1532,1931,569,732,49,2538,1870,19040,649,1266,1320,1208,2448,2374,534,762,1001,1330,4370,12746,4419,5000,31575,1552,4926,15096,2003
481104,727965,645529,3717932,4.62,14.71,4.76,8.14,30.17,15.52,1.69,5.85,2.41,15.8,23.52,4.49,14.29,4.51,41.16,34.73,47.67,12.99,47.2,38.15,9.1,16.37,4.85,5.33,7.51,2.8,1.72,5.64,1.68,2.82,4.7,1.21,4.31,6.61,1.6,9.1,16.37,4.85,4.97,5.66,0.1,35.2,25.17,44.82,6.22,13.51,2.91,12.0,21.77,4.76,8.67,11.48,2.96,13.6,38.95,27.98,62.18,60.31,68.36,16.61,46.67,34.01,Tennessee,2221,9496,17681,3918,19475,57718,811,3774,8960,11498,17120,2159,9222,16767,19801,22416,177228,6247,30466,141823,4377,10564,18031,2562,4847,10404,825,3639,6256,1357,3035,4504,2075,4269,5932,4377,10564,18031,2391,3656,387,16934,16249,166621,2993,8721,10819,5771,14052,17713,4169,7410,10989,6545,25146,104022,29917,38930,254163,7993,30127,126441,2003
2041086,3076320,2676329,12955720,5.66,16.49,6.05,9.55,39.95,23.01,1.91,6.6,2.63,17.11,27.18,5.47,16.3,5.85,39.15,37.25,46.9,16.96,58.17,50.22,10.02,16.75,4.65,5.97,8.12,2.62,2.37,6.38,1.54,2.78,4.67,0.98,4.79,6.36,1.32,10.02,16.75,4.65,6.37,5.68,0.14,36.21,29.89,48.94,6.4,13.13,3.02,13.69,22.5,5.14,7.39,11.04,3.24,11.13,38.24,24.65,61.48,66.03,74.71,12.94,41.88,29.26,Texas,11552,44128,78400,19486,106926,298166,3907,17652,34036,52644,83601,11155,43631,75753,79917,99693,607678,34613,155674,650636,20460,44817,60281,12191,21735,33925,4843,17074,19951,5680,12494,12659,9776,17025,17101,20460,44817,60281,13004,15209,1850,73901,79991,634052,13054,35136,39163,27945,60221,66610,15074,29539,42013,22714,102350,319395,125491,176729,967884,26420,112088,379065,2003
246590,386352,363714,1222262,4.62,12.77,5.37,7.55,24.75,14.31,1.79,5.59,2.65,15.04,18.99,4.58,12.69,4.63,47.73,40.21,54.6,9.85,35.27,30.93,8.49,12.61,3.97,5.15,7.39,2.41,1.46,4.59,1.16,2.6,3.83,1.07,4.23,5.52,1.56,8.49,12.61,3.97,4.43,5.07,0.13,42.76,29.09,45.19,5.07,9.27,2.11,10.82,20.45,3.9,7.63,11.72,3.28,6.47,24.45,16.26,71.65,71.75,76.3,8.27,25.41,19.56,Utah,1138,4645,6561,1860,9003,17487,440,2031,3233,5809,7337,1130,4614,5664,11769,14623,66730,2429,12828,37799,2094,4586,4854,1270,2688,2947,359,1668,1412,640,1393,1313,1043,2006,1911,2094,4586,4854,1093,1845,164,10544,10580,55232,1249,3373,2584,2668,7437,4763,1882,4261,4003,1595,8893,19868,17668,26097,93256,2038,9241,23910,2003
55315,85455,63755,400573,6.22,19.36,6.0,14.02,49.49,23.02,2.75,7.11,2.74,25.53,35.43,6.18,18.43,5.57,30.68,22.17,40.4,21.35,73.34,61.25,16.12,30.37,7.44,6.4,9.72,2.65,2.58,9.76,1.88,3.46,7.61,1.07,6.76,11.23,1.47,16.12,30.37,7.44,10.04,10.73,0.15,23.12,11.86,29.92,12.94,27.67,6.6,22.0,44.82,10.35,8.51,14.42,3.3,14.05,46.19,22.75,63.88,62.97,72.35,17.5,51.32,28.11,Vermont,344,1234,2404,775,3155,9221,152,453,1098,2181,3027,341,1174,2232,1696,1413,16182,1180,4675,24533,891,1936,2980,353,619,1062,142,622,753,191,484,428,374,716,590,891,1936,2980,555,684,61,1278,755,11985,715,1764,2643,1217,2857,4144,470,919,1323,777,2944,9114,3533,4014,28982,968,3272,11260,2003
608672,934069,821829,4670921,6.01,17.78,5.93,10.37,41.15,19.03,2.49,7.45,2.93,20.37,30.23,5.84,17.29,5.65,40.31,31.42,44.29,17.7,61.71,53.99,11.49,20.41,5.06,5.61,7.97,2.53,1.6,5.44,1.73,2.92,5.6,1.26,5.36,7.87,1.45,11.49,20.41,5.06,7.1,7.52,0.12,34.85,22.64,42.66,8.19,17.66,3.73,15.13,29.53,5.83,7.79,11.0,2.95,13.37,42.2,23.49,64.39,65.98,72.81,14.76,47.09,28.43,Virginia,3660,14608,27685,6309,33819,88894,1513,6122,13679,19024,28240,3553,14207,26390,24533,25823,206888,10774,50715,252176,6991,16772,23621,3413,6546,11824,971,4474,8074,1777,4603,5905,3263,6466,6759,6991,16772,23621,4319,6181,573,21213,18608,199261,4984,14511,17422,9210,24272,27218,4743,9037,13785,8140,34680,109739,39190,54226,340109,8982,38698,132800,2003
528963,795100,685230,3842655,5.61,17.8,5.76,10.73,41.82,19.31,2.14,7.36,2.56,20.72,30.88,5.47,17.33,5.27,35.51,27.41,42.2,17.5,63.37,60.47,13.11,24.85,7.15,5.87,9.84,3.08,1.67,7.03,1.33,3.01,6.85,1.18,5.47,9.77,1.52,13.11,24.85,7.15,7.01,7.43,0.16,27.14,15.94,28.14,8.95,21.44,5.09,17.31,36.49,9.16,9.8,15.13,3.81,10.43,41.56,21.94,66.44,64.1,72.41,12.94,45.6,25.45,Washington,2967,12197,22133,5675,28653,74207,1131,5040,9853,16473,24552,2894,11877,20234,18781,18780,162149,9257,43420,232348,6933,17029,27491,3107,6745,11818,881,4817,5094,1590,4690,4528,2894,6693,5851,6933,17029,27491,3706,5093,631,14356,10921,108148,4735,14689,19548,9155,25006,35193,5185,10370,14635,5515,28480,84291,35144,43926,278252,6843,31243,97801,2003
140359,218435,191326,1203069,6.02,15.84,4.99,12.45,38.15,17.3,2.22,6.03,2.35,20.76,28.24,6.0,15.2,4.62,34.79,33.87,45.48,17.73,53.29,37.4,11.37,18.05,4.57,5.86,8.45,2.58,2.37,7.2,1.43,2.97,6.24,1.1,5.0,8.28,1.21,11.37,18.05,4.57,7.04,6.29,0.1,33.43,25.1,50.39,8.27,15.27,3.29,16.27,27.82,5.56,8.64,15.49,3.39,16.56,47.37,28.57,59.65,58.32,69.08,20.77,53.9,36.96,West Virginia,845,3030,6008,1747,7299,20807,311,1152,2825,4535,6168,842,2907,5561,4883,6481,54717,2489,10195,44994,1595,3453,5492,821,1616,3102,333,1377,1718,416,1193,1319,701,1584,1457,1595,3453,5492,988,1203,116,4691,4802,60617,1160,2922,3961,2283,5321,6687,1212,2963,4078,2323,9063,34369,8372,11157,83109,2915,10312,44460,2003
