consumption.biomass,consumption.coal,consumption.fossil fuels,consumption.geothermal,consumption.hydroelectric,consumption.natural gas,consumption.nuclear,consumption.solar,consumption.total,consumption.total renewable,consumption.wind,exports.biofuels,exports.coal,exports.coal coke,exports.crude oil,exports.electricity,exports.natural gas,exports.petroleum products,exports.total,exports.total petroleum,imports.biofuels,imports.coal,imports.coal coke,imports.crude oil,imports.electricity,imports.natural gas,imports.petroleum products,imports.total,imports.total petroleum,natural gas plant liquids,petroleum,production.biomass,production.coal,production.crude oil,production.fossil fuels,production.geothermal,production.hydroelectric,production.natural gas,production.nuclear,production.solar,production.total,production.total renewable,production.wind,year
1.549262,11.980905,29.002099,0.0,1.424722,5.145142,0.0,0.0,31.981503,2.973984,0.0,0.0,0.877294,0.01359,0.1918,0.000598,0.020756,0.487721,1.59176,0.679521,0.0,0.007875,0.006919,0.914739,0.006018,0.0,0.512607,1.448158,1.427346,0.713799,11.882722,1.549262,11.973882,10.683252,28.748176,0.0,1.424722,5.377243,0.0,0.0,31.72216,2.973984,0.0,1949
1.562307,12.347109,31.631956,0.0,1.415411,5.968371,0.0,0.0,34.615768,2.977718,0.0,0.0,0.786496,0.00987,0.201973,0.000501,0.026627,0.439854,1.465322,0.641827,0.0,0.009132,0.010862,1.056154,0.006596,0.0,0.830142,1.912887,1.886296,0.822828,13.315484,1.562307,14.060135,11.446729,32.562667,0.0,1.415411,6.232975,0.0,0.0,35.540384,2.977718,0.0,1950
1.534669,12.552996,34.008105,0.0,1.423795,7.048518,0.0,0.0,36.97403,2.958464,0.0,0.0,1.682779,0.02547,0.165903,0.000682,0.025009,0.721702,2.621545,0.887606,0.0,0.007986,0.004018,1.063335,0.008143,0.0,0.808943,1.892425,1.872279,0.920369,14.428043,1.534669,14.419325,13.036724,35.792151,0.0,1.423795,7.415733,0.0,0.0,38.750615,2.958464,0.0,1951
1.474369,11.306479,33.799903,0.0,1.465812,7.549621,0.0,0.0,36.747825,2.940181,0.0,0.0,1.40298,0.019642,0.154837,0.00081,0.028417,0.758446,2.365131,0.913283,0.0,0.007287,0.007762,1.244551,0.00855,0.00808,0.869753,2.145984,2.114304,0.997771,14.955682,1.474369,12.734313,13.281049,34.976732,0.0,1.465812,7.963599,0.0,0.0,37.916913,2.940181,0.0,1952
1.418601,11.372684,34.826156,0.0,1.412859,7.906645,0.0,0.0,37.664468,2.83146,0.0,0.0,0.980726,0.012896,0.1156,0.001462,0.029313,0.726015,1.866013,0.841615,0.0,0.006462,0.003894,1.400759,0.008315,0.009548,0.884064,2.313042,2.284823,1.061677,15.555829,1.418601,12.277746,13.671076,35.349336,0.0,1.412859,8.338838,0.0,0.0,38.180796,2.83146,0.0,1953
1.394327,9.714667,33.8773,0.0,1.359772,8.330202,0.0,0.0,36.639382,2.754099,0.0,0.0,0.910509,0.009622,0.078874,0.001187,0.029731,0.666377,1.696301,0.745251,0.0,0.005127,0.002877,1.42035,0.009171,0.007087,0.903264,2.347876,2.323614,1.113167,15.839176,1.394327,10.542448,13.42693,33.76433,0.0,1.359772,8.681785,0.0,0.0,36.51843,2.754099,0.0,1954
1.424143,11.167259,37.410105,0.0,1.359844,8.997935,0.0,0.0,40.207971,2.783987,0.0,0.0,1.464521,0.013169,0.067112,0.001705,0.032115,0.706887,2.285508,0.773999,0.0,0.008425,0.003125,1.690834,0.015583,0.011269,1.060671,2.789908,2.751505,1.239721,17.254955,1.424143,12.369608,14.409682,37.36368,0.0,1.359844,9.344668,0.0,0.0,40.147667,2.783987,0.0,1955
1.415871,11.349723,38.888151,0.0,1.434711,9.613975,0.0,0.0,41.754252,2.850582,0.0,0.0,1.984106,0.016269,0.166019,0.002152,0.037222,0.739609,2.945377,0.905628,0.0,0.0089,0.003249,2.022284,0.017672,0.010743,1.143894,3.206741,3.166178,1.28273,17.937473,1.415871,13.306334,15.180241,39.771452,0.0,1.434711,10.002147,0.0,0.0,42.622033,2.850582,0.0,1956
1.333581,10.820631,38.925592,0.0,1.515613,10.190753,0.000112,0.0,41.787186,2.849194,0.0,0.0,2.174059,0.020386,0.291409,0.00428,0.043113,0.906195,3.439441,1.197604,0.0,0.0092,0.002926,2.208923,0.016568,0.039269,1.252096,3.528983,3.461019,1.288811,17.931667,1.333581,13.061393,15.178026,40.133484,0.0,1.515613,10.605254,0.000112,0.0,42.98279,2.849194,0.0,1957
1.323123,9.533287,38.716702,0.0,1.591967,10.663199,0.001915,0.0,41.645028,2.91509,0.0,0.0,1.415843,0.009746,0.025207,0.002593,0.040074,0.556375,2.049839,0.581582,0.0,0.007777,0.003026,2.058809,0.013913,0.14055,1.660297,3.884371,3.719106,1.286874,18.526937,1.323123,10.783088,14.204125,37.216322,0.0,1.591967,10.942235,0.001915,0.0,40.133327,2.91509,0.0,1958
1.352874,9.518353,40.550068,0.0,1.548465,11.717422,0.002187,0.0,43.465722,2.901339,0.0,0.0,1.051257,0.011408,0.014651,0.002861,0.019057,0.434574,1.533808,0.449225,0.0,0.009451,0.00305,2.084467,0.014988,0.13868,1.825642,4.076278,3.910109,1.382783,19.32265,1.352874,10.777984,14.932622,39.045216,0.0,1.548465,11.951826,0.002187,0.0,41.948742,2.901339,0.0,1959
1.31987,9.837785,42.136751,0.000359,1.607975,12.385366,0.006026,0.0,45.086455,2.928204,0.0,0.0,1.02317,0.008754,0.017905,0.002689,0.011729,0.413229,1.477475,0.431133,0.0,0.006551,0.003125,2.19638,0.018163,0.161094,1.802314,4.187626,3.998694,1.460974,19.91923,1.31987,10.817398,14.934611,39.869117,0.000359,1.607975,12.656133,0.006026,0.0,42.803347,2.928204,0.0,1960
1.294762,9.623351,42.758243,0.001001,1.656463,12.926392,0.019678,0.0,45.737837,2.952226,0.0,0.0,0.980641,0.011036,0.018717,0.003127,0.011123,0.35194,1.376584,0.370656,0.0,0.004125,0.00315,2.251133,0.010816,0.22652,1.941156,4.436901,4.192289,1.549114,20.216387,1.294762,10.447091,15.206196,40.307136,0.001001,1.656463,13.104734,0.019678,0.0,43.27904,2.952226,0.0,1961
1.300242,9.906454,44.68077,0.001061,1.816141,13.730841,0.026394,0.0,47.826437,3.117444,0.0,0.0,1.08291,0.009027,0.010382,0.005666,0.016367,0.348183,1.472536,0.358565,0.0,0.006003,0.003522,2.42102,0.007495,0.415588,2.140652,4.994279,4.561672,1.592568,21.048981,1.300242,10.90056,15.521896,41.731885,0.001061,1.816141,13.716861,0.026394,0.0,44.875724,3.117444,0.0,1962
1.323316,10.412538,46.509283,0.00176,1.771355,14.403306,0.038147,0.0,49.644195,3.096431,0.0,0.0,1.356399,0.011185,0.009848,0.006773,0.017483,0.433496,1.835183,0.443344,0.0,0.006802,0.003794,2.432218,0.007107,0.418796,2.217937,5.086654,4.650155,1.709378,21.700828,1.323316,11.849229,15.965793,44.037181,0.00176,1.771355,14.512781,0.038147,0.0,47.171759,3.096431,0.0,1963
1.336802,10.964385,48.54305,0.002132,1.886314,15.28785,0.039819,0.0,51.814788,3.225248,0.0,0.0,1.335161,0.012995,0.007905,0.014513,0.02023,0.423856,1.814661,0.431761,0.0,0.007325,0.002554,2.580098,0.021184,0.457512,2.378622,5.447296,4.95872,1.803106,22.301257,1.336802,12.523881,16.163568,45.788951,0.002132,1.886314,15.298396,0.039819,0.0,49.054018,3.225248,0.0,1964
1.334761,11.580608,50.576504,0.001978,2.059077,15.768667,0.043164,0.0,54.015001,3.395816,0.0,0.0,1.376486,0.020683,0.006363,0.012622,0.026968,0.385811,1.828933,0.392173,0.0,0.0046,0.002232,2.654379,0.01214,0.470999,2.747586,5.891935,5.401965,1.882795,23.24568,1.334761,13.055285,16.521381,47.234902,0.001978,2.059077,15.775441,0.043164,0.0,50.673882,3.395816,0.0,1965
1.368985,12.14308,53.513987,0.001958,2.061519,16.995332,0.064158,0.0,57.014332,3.432462,0.0,0.0,1.350634,0.02733,0.008567,0.010838,0.025452,0.406247,1.829067,0.414814,0.0,0.00445,0.002381,2.621465,0.014563,0.495613,3.007361,6.145832,5.628825,1.995921,24.400523,1.368985,13.467679,17.561025,50.035367,0.001958,2.061519,17.010742,0.064158,0.0,53.531987,3.432462,0.0,1966
1.340249,11.91375,55.126873,0.0033,2.346664,17.944788,0.088456,0.0,58.904521,3.690213,0.0,0.0,1.352369,0.017608,0.153938,0.014843,0.084226,0.492418,2.115402,0.646356,0.0,0.005675,0.002282,2.403207,0.013823,0.582281,3.151888,6.159155,5.555095,2.177174,25.283661,1.340249,13.825487,18.651304,52.597132,0.0033,2.346664,17.943168,0.088456,0.0,56.375801,3.690213,0.0,1967
1.419495,12.330677,58.50247,0.004532,2.348629,19.209656,0.141534,0.0,62.414507,3.772656,0.0,0.0,1.380367,0.019642,0.010452,0.014619,0.096651,0.476759,1.998489,0.487211,0.0,0.0056,0.002331,2.756477,0.012467,0.672093,3.456145,6.905114,6.212622,2.321212,26.979447,1.419495,13.608678,19.308444,54.306187,0.004532,2.348629,19.067853,0.141534,0.0,58.220376,3.772656,0.0,1968
1.440487,12.38154,61.361751,0.006422,2.647983,20.677984,0.153722,0.0,65.61402,4.094892,0.0,0.0,1.534224,0.040399,0.008329,0.013069,0.052894,0.476744,2.125659,0.485073,0.0,0.002725,0.00429,2.994714,0.016725,0.749486,3.908276,7.676216,6.90299,2.419605,28.338336,1.440487,13.863346,19.556156,56.285569,0.006422,2.647983,20.446462,0.153722,0.0,60.534182,4.094892,0.0,1969
1.430962,12.264528,63.522269,0.005511,2.633547,21.794707,0.239347,0.0,67.838325,4.070021,0.0,0.0,1.9355,0.061454,0.028948,0.014363,0.071977,0.519893,2.632135,0.548841,0.0,0.0009,0.003794,2.813732,0.021051,0.846224,4.655914,8.341615,7.469646,2.512128,29.520695,1.430962,14.607064,20.40121,59.186071,0.005511,2.633547,21.66567,0.239347,0.0,63.495439,4.070021,0.0,1970
1.432323,11.598411,64.595645,0.005739,2.824151,22.469052,0.412939,0.0,69.282843,4.262213,0.0,0.0,1.546119,0.037423,0.002917,0.01199,0.082699,0.46975,2.150898,0.472667,0.0,0.002775,0.004315,3.572541,0.024035,0.963519,4.967585,9.53477,8.540125,2.543544,30.56129,1.432323,13.185523,20.032701,58.04156,0.005739,2.824151,22.279791,0.412939,0.0,62.716712,4.262213,0.0,1971
1.503065,12.076917,67.69588,0.015079,2.863865,22.69819,0.583752,0.0,72.687867,4.382009,0.0,0.0,1.530788,0.030554,0.001085,0.009584,0.080119,0.466181,2.11831,0.467265,0.0,0.001175,0.004588,4.711883,0.035811,1.047022,5.586662,11.387141,10.298545,2.597539,32.946738,1.503065,14.091685,20.041134,58.937904,0.015079,2.863865,22.207545,0.583752,0.0,63.903664,4.382009,0.0,1972
1.529068,12.97149,70.31386,0.020422,2.861448,22.512399,0.910177,0.0,75.68369,4.410938,0.0,0.0,1.4252,0.034596,0.004043,0.008769,0.078944,0.481534,2.033086,0.485577,0.0,0.003175,0.027131,6.887305,0.057484,1.059759,6.578291,14.613145,13.465595,2.568779,34.837435,1.529068,13.992126,19.493237,58.241491,0.020422,2.861448,22.187349,0.910177,0.0,63.562605,4.410938,0.0,1973
1.539662,12.662878,67.905124,0.02561,3.17658,21.732488,1.272083,0.0,73.962369,4.741852,0.0,0.0,1.619649,0.031694,0.006229,0.009302,0.078017,0.458474,2.203366,0.464704,0.0,0.052,0.087792,7.395366,0.052612,0.985186,5.731319,14.304275,13.126685,2.471169,33.45366,1.539662,14.074451,18.574993,56.330758,0.02561,3.17658,21.210145,1.272083,0.0,62.344692,4.741852,0.0,1974
1.498734,12.662786,65.356532,0.03378,3.154607,19.947883,1.899798,0.0,71.964553,4.68712,0.0,0.0,1.7613,0.03157,0.012447,0.017344,0.073692,0.426899,2.323251,0.439345,0.0,0.0235,0.045111,8.720912,0.038446,0.977786,4.226634,14.032389,12.947546,2.374297,32.732323,1.498734,14.989315,17.729318,54.733273,0.03378,3.154607,19.640343,1.899798,0.0,61.320191,4.68712,0.0,1975
1.713373,13.584067,69.107176,0.037513,2.976265,20.345426,2.111121,0.0,75.974826,4.727151,0.0,0.0,1.596619,0.032612,0.017058,0.008115,0.065551,0.451733,2.171688,0.468791,0.0,0.030075,0.032513,11.23855,0.037493,0.987862,4.433566,16.760059,15.672116,2.327046,35.177782,1.713373,15.653687,17.261844,54.722896,0.037513,2.976265,19.480319,2.111121,0.0,61.561168,4.727151,0.0,1976
1.838332,13.922103,70.991179,0.037382,2.333252,19.930513,2.701762,0.0,77.96133,4.208966,0.0,0.0,1.441875,0.030777,0.105879,0.009361,0.056349,0.40765,2.051891,0.513529,0.0,0.041175,0.045359,14.02724,0.068783,1.037289,4.728285,19.948131,18.755525,2.326983,37.12398,1.838332,15.754741,17.453737,55.100782,0.037382,2.333252,19.565321,2.701762,0.0,62.011511,4.208966,0.0,1977
2.037605,13.765575,71.853522,0.030851,2.936983,20.0004,3.024126,0.0,79.950406,5.00544,0.0,0.0,1.078028,0.01718,0.334822,0.005043,0.053215,0.432149,1.920437,0.766971,0.0,0.073825,0.141906,13.45963,0.07236,0.994511,4.363937,19.10617,17.823568,2.245438,37.962821,2.037605,14.909809,18.433653,55.074118,0.030851,2.936983,19.485219,3.024126,0.0,63.103684,5.00544,0.0,1978
2.151906,15.039586,72.890521,0.040262,2.930686,20.665817,2.775827,0.0,80.858584,5.122854,0.0,0.0,1.753277,0.035719,0.497101,0.007444,0.056397,0.505178,2.855114,1.002278,0.0,0.051474,0.098564,13.825133,0.076824,1.299758,4.108063,19.459817,17.933196,2.286081,37.122274,2.151906,17.539583,18.103598,58.005609,0.040262,2.930686,20.076347,2.775827,0.0,65.90429,5.122854,0.0,1979
2.4755,15.422809,69.827758,0.052699,2.900144,20.235459,2.739169,0.0,78.066668,5.428342,0.0,0.0,2.420518,0.051362,0.608623,0.013974,0.049365,0.550929,3.694771,1.159552,0.0,0.02984,0.016332,11.194854,0.085373,1.006432,3.463406,15.796235,14.658259,2.25363,34.20452,2.4755,18.597726,18.248917,59.007873,0.052699,2.900144,19.9076,2.739169,0.0,67.175384,5.428342,0.0,1980
2.596283,15.907526,67.571093,0.059437,2.757968,19.74731,3.007589,0.0,76.105776,5.413688,0.0,0.0,2.944069,0.02902,0.482364,0.010441,0.060025,0.781322,4.307241,1.263685,0.0,0.026084,0.013071,9.336168,0.123847,0.916604,3.303253,13.719027,12.639421,2.307382,31.932206,2.596283,18.376773,18.146019,58.529329,0.059437,2.757968,19.699155,3.007589,0.0,66.950606,5.413688,0.0,1981
2.663452,15.321581,63.888374,0.050627,3.265558,18.356222,3.131148,0.0,73.099185,5.979637,0.0,0.0,2.786901,0.024632,0.50042,0.012066,0.052297,1.231284,4.607601,1.731704,0.0,0.018561,0.002976,7.417744,0.112092,0.950136,3.359572,11.861081,10.777316,2.191077,30.232226,2.663452,18.638773,18.308947,57.457822,0.050627,3.265558,18.319025,3.131148,0.0,66.568607,5.979637,0.0,1982
2.904414,15.894442,63.151858,0.06391,3.52726,17.220836,3.202549,0.0,72.970566,6.495612,2.8e-05,0.0,2.044701,0.016504,0.347697,0.011387,0.055185,1.217456,3.692931,1.565153,0.0,0.031765,0.000868,7.078684,0.131934,0.940449,3.568103,11.751802,10.646787,2.184107,30.052216,2.904414,17.246671,18.391794,54.415961,0.06391,3.52726,16.593389,3.202549,0.0,64.114122,6.495612,2.8e-05,1983
2.97112,17.070622,66.505984,0.080811,3.385811,18.393613,3.552531,5.5e-05,76.631701,6.437864,6.8e-05,0.0,2.151306,0.025911,0.384151,0.008729,0.055301,1.160749,3.786147,1.5449,0.0,0.032139,0.014423,7.301744,0.144052,0.847275,4.131093,12.470726,11.432837,2.27377,31.053237,2.97112,19.719216,18.848237,58.849156,0.080811,3.385811,18.007933,3.552531,5.5e-05,68.83955,6.437864,6.8e-05,1984
3.016233,17.478428,66.09315,0.097421,2.970192,17.703482,4.075563,0.000111,76.392385,6.084017,6e-05,0.0,2.438129,0.027833,0.432177,0.01694,0.055876,1.225223,4.196178,1.6574,0.0,0.04881,0.014341,6.813511,0.156595,0.951614,3.795703,11.780575,10.609214,2.240771,30.924732,3.016233,19.325166,18.992407,57.538724,0.097421,2.970192,16.98038,4.075563,0.000111,67.698304,6.084017,6e-05,1985
2.932095,17.260405,66.033275,0.107677,3.071179,16.591364,4.380109,0.000147,76.647005,6.11114,4.4e-05,0.0,2.248436,0.024909,0.325991,0.016431,0.061762,1.34395,4.021479,1.669942,0.0,0.055293,0.008155,9.001945,0.138912,0.748198,4.1989,14.151402,13.200845,2.149102,32.19826,2.932095,19.509466,18.375862,56.575231,0.107677,3.071179,16.540801,4.380109,0.000147,67.06648,6.11114,4.4e-05,1986
2.874884,18.008451,68.520615,0.11227,2.634508,17.639801,4.753933,0.000109,79.054456,5.621807,3.7e-05,0.0,2.092954,0.014243,0.318791,0.02007,0.054614,1.311277,3.81195,1.630068,0.0,0.043678,0.022873,10.066646,0.178171,0.991539,4.095316,15.398223,14.161962,2.215035,32.863733,2.874884,20.141104,17.674787,57.166745,0.11227,2.634508,17.135819,4.753933,0.000109,67.542485,5.621807,3.7e-05,1987
3.016049,18.846312,71.557051,0.106338,2.334265,18.448393,5.586968,9.4e-05,82.709172,5.456754,9e-06,0.0,2.49901,0.027112,0.328934,0.024111,0.074963,1.412322,4.366453,1.741257,0.0,0.053351,0.066663,11.02713,0.13251,1.2964,4.719878,17.29593,15.747007,2.25983,34.222795,3.016049,20.737639,17.278931,57.874997,0.106338,2.334265,17.598597,5.586968,9.4e-05,68.918719,5.456754,9e-06,1988
3.159357,19.069762,72.911156,0.161539,2.837263,19.601693,5.602161,0.05504,84.785998,6.235232,0.022033,0.0,2.637312,0.026918,0.299764,0.051639,0.108902,1.536364,4.660899,1.836128,0.0,0.071278,0.057322,12.596086,0.089089,1.387046,4.565476,18.766297,17.161562,2.158342,34.209296,3.159357,21.360178,16.116883,57.482679,0.161539,2.837263,17.847275,5.602161,0.05504,69.320072,6.235232,0.022033,1989
2.735112,19.172635,72.332203,0.170747,3.046391,19.603167,6.10435,0.05942,84.485118,6.040676,0.029007,0.0,2.772273,0.014189,0.229989,0.055048,0.087105,1.593879,4.752484,1.823869,0.0,0.067485,0.018966,12.76633,0.062936,1.550646,4.350895,18.817258,17.117225,2.174714,33.551623,2.735112,22.487548,15.571185,58.559602,0.170747,3.046391,18.326155,6.10435,0.05942,70.704629,6.040676,0.029007,1990
2.781797,18.99167,71.880348,0.177626,3.015943,20.032958,6.422132,0.062354,84.437962,6.068516,0.030796,0.0,2.85367,0.019645,0.245835,0.007863,0.132088,1.881864,5.140965,2.127699,0.0,0.084745,0.029334,12.553444,0.074829,1.798139,3.79433,18.334821,16.347774,2.30574,32.846032,2.781797,21.636424,15.700826,57.871727,0.177626,3.015943,18.228736,6.422132,0.062354,70.362375,6.068516,0.030796,1991
2.931678,19.122471,73.395686,0.178699,2.617436,20.713632,6.479206,0.063676,85.782977,5.821352,0.029863,0.0,2.681926,0.017402,0.188342,0.009644,0.220175,1.819452,4.936942,2.007794,0.0,0.095069,0.052027,13.253408,0.096377,2.161016,3.714306,19.372204,16.967714,2.362961,33.524957,2.931678,21.694132,15.222863,57.655057,0.178699,2.617436,18.3751,6.479206,0.063676,69.955616,5.821352,0.029863,1992
2.908172,19.835148,74.7784,0.185673,2.891613,21.228902,6.410499,0.06606,87.366314,6.082505,0.030987,0.0,1.962467,0.026333,0.207838,0.012082,0.142426,1.875527,4.226672,2.083365,0.0,0.204524,0.053442,14.749427,0.106992,2.397117,3.705985,21.218334,18.455413,2.408002,33.68724,2.908446,20.335654,14.49439,55.822082,0.185673,2.891613,18.584037,6.410499,0.06606,68.31536,6.082779,0.030987,1993
3.027534,19.909463,76.253403,0.173464,2.683457,21.728067,6.693877,0.068102,89.088334,5.988117,0.03556,0.0,1.878801,0.024456,0.208918,0.006858,0.163517,1.752734,4.035284,1.961652,0.0,0.221746,0.082785,15.339528,0.159795,2.681564,3.820286,22.306672,19.159814,2.390979,34.557545,3.027534,22.202083,14.102563,58.043638,0.173464,2.683457,19.348013,6.693877,0.068102,70.725632,5.988117,0.03556,1994
3.101142,20.088727,77.261973,0.152057,3.205307,22.671139,7.075436,0.069347,91.031748,6.560483,0.03263,0.0,2.318168,0.033678,0.200154,0.012361,0.155814,1.775718,4.495893,1.975872,0.0,0.236828,0.094739,15.669254,0.146216,2.90071,3.130523,22.179612,18.799777,2.441583,34.441046,3.099082,22.12955,13.886757,57.540135,0.152057,3.205307,19.082245,7.075436,0.069347,71.173994,6.558423,0.03263,1995
3.156806,21.001914,79.78434,0.163359,3.589656,23.084647,7.086674,0.070417,94.021835,7.013678,0.03344,0.0,2.368031,0.040233,0.233224,0.011266,0.15508,1.804717,4.612552,2.037941,0.0,0.202882,0.063044,16.341399,0.14841,3.002036,3.8744,23.633256,20.215799,2.52991,35.674967,3.155301,22.790148,13.722899,58.387225,0.163359,3.589656,19.344268,7.086674,0.070417,72.486072,7.012173,0.03344,1996
3.10522,21.445411,80.873047,0.166698,3.640458,23.222716,6.596992,0.069586,94.601784,7.015542,0.033581,0.0,2.193135,0.031405,0.227986,0.030619,0.158733,1.851516,4.493395,2.079503,0.0,0.187169,0.077844,17.875688,0.146823,3.063039,3.768382,25.11924,21.64407,2.495207,36.15848,3.107908,23.309614,13.65802,58.856691,0.166698,3.640458,19.393851,6.596992,0.069586,72.471913,7.01823,0.033581,1997
2.92749,21.655744,81.370437,0.16845,3.297054,22.830226,7.067809,0.069053,95.019369,6.492899,0.030853,0.0,2.091677,0.027999,0.232592,0.046596,0.160756,1.677125,4.236745,1.909717,0.0,0.218092,0.095094,18.916158,0.13482,3.224555,3.883572,26.472519,22.799729,2.420459,36.817372,2.92893,24.045198,13.23513,59.314083,0.16845,3.297054,19.613295,7.067809,0.069053,72.87623,6.494339,0.030853,1998
2.96329,21.622544,82.4255,0.170921,3.267575,22.909227,7.610256,0.067937,96.650297,6.515618,0.045894,0.0,1.525108,0.022261,0.24958,0.048525,0.164395,1.658918,3.668788,1.908498,0.0,0.227233,0.079953,18.935152,0.147449,3.664386,4.097107,27.151581,23.032258,2.527649,37.836036,2.965132,23.295084,12.451046,57.614481,0.170921,3.267575,19.340703,7.610256,0.067937,71.742196,6.517459,0.045894,1999
3.008227,22.579528,84.734803,0.164364,2.811116,23.823977,7.862349,0.065587,98.818702,6.106351,0.057057,0.0,1.527552,0.028414,0.106442,0.050598,0.245178,2.003472,3.961655,2.109913,0.0,0.312816,0.093778,19.782784,0.165797,3.86858,4.641097,28.865253,24.423881,2.610916,38.265934,3.005661,22.735478,12.358101,57.366024,0.164364,2.811116,19.661529,7.862349,0.065587,71.332158,6.103785,0.057057,2000
2.622356,21.914268,82.905742,0.164461,2.241858,22.772558,8.028853,0.064267,96.17231,5.162559,0.069617,0.000218,1.26522,0.033373,0.042839,0.056207,0.377011,1.956242,3.731109,1.999081,0.0,0.494682,0.062633,20.347647,0.131363,4.068409,4.945915,30.052175,25.293562,2.547136,38.189656,2.624162,23.54708,12.281566,58.541348,0.164461,2.241858,20.165567,8.028853,0.064267,71.734567,5.164365,0.069617,2001
2.700621,21.903989,83.700394,0.171164,2.689017,23.510081,8.145429,0.063006,97.64656,5.729142,0.105334,0.000308,1.032088,0.019637,0.019111,0.053895,0.520363,1.962838,3.60824,1.981949,0.0,0.421886,0.080395,19.920301,0.12549,4.103803,4.676549,29.330543,24.59685,2.559168,38.225566,2.705406,22.732237,12.160213,56.833673,0.171164,2.689017,19.382055,8.145429,0.063006,70.713029,5.733927,0.105334,2002
2.806471,22.320928,83.991883,0.173445,2.792539,22.830642,7.959622,0.061948,97.921086,5.947676,0.113273,0.000608,1.117147,0.0179,0.026315,0.081802,0.686042,2.083317,4.01313,2.109631,0.0,0.626099,0.068415,21.060345,0.103706,4.042343,5.104507,31.006947,26.164852,2.34626,38.789798,2.804778,22.093652,11.959568,56.032784,0.173445,2.792539,19.633304,7.959622,0.061948,69.938389,5.945983,0.113273,2003
3.008073,22.466195,85.753685,0.178147,2.688468,22.923061,8.222774,0.062685,100.094092,6.079035,0.141664,0.000684,1.253129,0.032701,0.056739,0.078128,0.861825,2.068154,4.35136,2.124893,0.0,0.682,0.170463,22.082229,0.116725,4.365022,6.062989,33.492251,28.145218,2.46585,40.226667,2.996017,22.852099,11.550145,55.942348,0.178147,2.688468,19.074254,8.222774,0.062685,70.232102,6.06698,0.141664,2004
3.11393,22.796543,85.708932,0.180703,2.702942,22.565364,8.16081,0.063446,100.193394,6.239109,0.178088,0.00114,1.273227,0.043335,0.067389,0.065343,0.735158,2.276295,4.461886,2.343683,0.0,0.761509,0.087526,22.090819,0.149887,4.44956,7.107606,34.659268,29.198425,2.333842,40.302834,3.101186,23.185189,10.974152,55.049197,0.180703,2.702942,18.556015,8.16081,0.063446,69.436371,6.226365,0.178088,2005
3.26214,22.44716,84.570321,0.1812,2.869035,22.238738,8.214626,0.068441,99.49235,6.644554,0.263738,0.004585,1.263672,0.040089,0.052192,0.082814,0.730474,2.55351,4.727336,2.605702,0.0,0.906149,0.100876,22.084624,0.145663,4.290938,7.054241,34.648789,29.138865,2.355836,39.823636,3.211515,23.78951,10.768316,55.935367,0.1812,2.869035,19.021706,8.214626,0.068441,70.743922,6.593929,0.263738,2006
3.484824,22.749466,85.928198,0.185774,2.446389,23.662759,8.458589,0.075657,101.026566,6.533147,0.340503,0.035883,1.506648,0.035807,0.058034,0.06873,0.829856,2.802852,5.33781,2.860887,0.0,0.908671,0.060998,21.913503,0.175362,4.722771,6.842447,34.678534,28.75595,2.408589,39.490782,3.47208,23.492742,10.748812,56.436351,0.185774,2.446389,19.786209,8.458589,0.075657,71.415344,6.520403,0.340503,2007
3.851392,22.387437,83.177983,0.192433,2.511108,23.842953,8.426491,0.088767,98.905709,7.189249,0.545548,0.08935,2.070504,0.048582,0.060691,0.082564,0.971932,3.62556,6.949183,3.686251,0.0,0.855192,0.089354,21.448357,0.19455,4.083704,6.213917,32.970368,27.662275,2.419358,36.90682,3.86825,23.851368,10.616413,57.590023,0.192433,2.511108,20.702884,8.426491,0.088767,73.22262,7.206107,0.545548,2008
3.93603,19.691205,78.042385,0.200185,2.668824,23.41594,8.35522,0.097766,94.137726,7.623933,0.721129,0.03508,1.514832,0.032409,0.092711,0.061887,1.082008,4.101273,6.9202,4.193984,0.0,0.565963,0.008598,19.698574,0.178074,3.845144,5.367428,29.690355,25.066002,2.573782,34.95905,3.952617,21.623721,11.334597,56.67155,0.200185,2.668824,21.13945,8.35522,0.097766,72.667291,7.64052,0.721129,2009
4.26972,20.833968,80.891316,0.207979,2.538541,24.574754,8.434433,0.125901,97.479951,8.065568,0.923427,0.046758,2.101155,0.036278,0.088151,0.06519,1.14702,4.691477,8.17603,4.779628,0.0,0.483817,0.030107,20.140145,0.153824,3.834276,5.219282,29.865911,25.359427,2.781288,35.488766,4.316479,22.038226,11.591783,58.21706,0.207979,2.538541,21.805763,8.434433,0.125901,74.76382,8.112327,0.923427,2010
4.405452,19.657784,79.446935,0.212311,3.102852,24.954539,8.268698,0.171086,96.902071,9.059337,1.167636,0.10833,2.750646,0.024058,0.099515,0.051346,1.519201,5.819623,10.372719,5.919138,0.0,0.32719,0.035162,19.594623,0.178447,3.55541,5.038187,28.74803,24.63281,2.970152,34.823508,4.501348,22.221407,11.934129,60.531408,0.212311,3.102852,23.40572,8.268698,0.171086,77.955339,9.155232,1.167636,2011
4.369122,17.378234,77.486731,0.211592,2.628702,26.088582,8.061822,0.22735,94.486634,8.776825,1.340059,0.077615,3.087182,0.024162,0.143221,0.040929,1.633398,6.260845,11.267352,6.404066,0.0,0.211835,0.028146,19.239455,0.202185,3.216234,4.121589,27.068146,23.361043,3.24585,34.015932,4.405757,20.676893,13.746661,62.279468,0.211592,2.628702,24.610065,8.061822,0.22735,79.15475,8.81346,1.340059,2012
4.67316,18.038633,79.439591,0.214006,2.562382,26.805134,8.244433,0.30519,97.241437,9.356097,1.601359,0.076189,2.895006,0.020833,0.284017,0.038736,1.586565,6.88613,11.787476,7.170147,0.0,0.199317,0.003411,16.957095,0.240051,2.955439,4.169158,24.626339,21.126253,3.532226,34.613246,4.646919,20.001304,15.780535,64.173137,0.214006,2.562382,24.859072,8.244433,0.30519,81.747426,9.329857,1.601359,2013
4.769021,17.990511,80.341085,0.222152,2.468724,27.491034,8.328558,0.426633,98.45483,9.621001,1.734472,0.080534,2.471683,0.023461,0.743752,0.04611,1.52787,7.414254,12.307664,8.158006,0.0,0.248155,0.001901,16.177578,0.210296,2.762763,3.773499,23.220683,19.951077,4.096409,34.8811,4.805599,20.294752,18.446105,69.389074,0.222152,2.468724,26.551807,8.328558,0.426633,87.375211,9.657579,1.734472,2014
