Name,Number of Permits.1 unit,Number of Permits.2 units,Number of Permits.3-4 units,Number of Permits.5+ units,Valuations.1 unit,Valuations.2 units,Valuations.3-4 units,Valuations.5+ units,full,month,month name,year
Mississippi,789,0,4,82,83156,0,146,3169,2003/06,6,June,2003
Oklahoma,1056,42,4,19,145263,2608,173,894,2003/06,6,June,2003
Minnesota,3245,74,77,450,497828,7798,4968,43408,2003/06,6,June,2003
Illinois,4543,116,244,1673,736772,11112,20690,164494,2003/06,6,June,2003
Georgia,6529,42,98,840,769867,6117,2943,48246,2003/06,6,June,2003
Arkansas,888,22,27,133,122022,1227,1530,7201,2003/06,6,June,2003
New Mexico,1117,2,19,92,154961,112,826,3778,2003/06,6,June,2003
Indiana,3138,150,56,1148,472526,13498,4457,57347,2003/06,6,June,2003
Maryland,3239,6,15,288,427061,338,1043,17459,2003/06,6,June,2003
Texas,12235,276,352,3924,1577494,17304,23069,235035,2003/06,6,June,2003
Wyoming,181,4,3,5,28774,250,833,223,2003/06,6,June,2003
Tennessee,3075,50,15,307,374895,2361,695,21345,2003/06,6,June,2003
Iowa,1368,34,31,153,194479,2846,1505,10240,2003/06,6,June,2003
Wisconsin,2814,200,105,1075,432109,21972,7846,53296,2003/06,6,June,2003
Arizona,6077,48,85,1157,862408,3607,7117,81987,2003/06,6,June,2003
Louisiana,1547,254,193,279,179913,16533,9389,15198,2003/06,6,June,2003
Michigan,4539,62,44,543,645233,6159,3892,37186,2003/06,6,June,2003
Kansas,1087,58,3,0,153167,5234,298,0,2003/06,6,June,2003
Utah,1651,40,94,85,227446,4539,7843,6843,2003/06,6,June,2003
Virginia,4468,38,60,1565,604277,1862,4214,75144,2003/06,6,June,2003
Oregon,1682,62,74,286,304130,6146,5558,20858,2003/06,6,June,2003
Connecticut,823,14,4,296,160480,1326,290,14758,2003/06,6,June,2003
District of Columbia,10,0,0,259,1304,0,0,15841,2003/06,6,June,2003
New Hampshire,613,20,13,194,98945,2235,1467,14459,2003/06,6,June,2003
Massachusetts,1158,110,69,378,218307,10463,5943,24374,2003/06,6,June,2003
West Virginia,393,48,4,5,50235,3623,237,226,2003/06,6,June,2003
South Carolina,2877,58,41,332,381970,3443,2677,20167,2003/06,6,June,2003
Vermont,267,12,0,10,39504,1115,0,625,2003/06,6,June,2003
Delaware,535,0,0,5,59957,0,0,80,2003/06,6,June,2003
North Dakota,251,0,8,161,36344,0,787,10967,2003/06,6,June,2003
California,13038,206,322,2537,2473946,24538,32924,227210,2003/06,6,June,2003
Pennsylvania,3277,36,106,311,456293,2338,7077,27778,2003/06,6,June,2003
Florida,13526,268,490,3581,1971557,20012,59632,253804,2003/06,6,June,2003
Kentucky,1397,24,17,119,165455,1337,839,5346,2003/06,6,June,2003
Rhode Island,168,4,14,26,26270,238,556,423,2003/06,6,June,2003
Nebraska,832,4,0,60,112149,285,0,2756,2003/06,6,June,2003
Missouri,1933,136,112,531,261907,9423,7118,23938,2003/06,6,June,2003
Ohio,4000,96,92,957,653652,8963,7263,43863,2003/06,6,June,2003
Alabama,1864,16,15,398,235346,943,917,55141,2003/06,6,June,2003
South Dakota,386,4,4,36,34187,426,38,4616,2003/06,6,June,2003
Alaska,146,58,38,204,27410,7290,3117,25102,2003/06,6,June,2003
Colorado,3135,46,33,517,527161,11412,2742,37718,2003/06,6,June,2003
Idaho,1050,10,91,199,159587,798,5472,8036,2003/06,6,June,2003
New Jersey,1939,162,42,303,256790,14689,3517,16647,2003/06,6,June,2003
Washington,2955,100,112,821,466758,9862,9379,57993,2003/06,6,June,2003
North Carolina,6457,106,62,717,881154,6838,2608,45421,2003/06,6,June,2003
Maine,673,10,10,12,89697,572,989,743,2003/06,6,June,2003
New York,2564,558,363,1130,412296,53415,29458,74534,2003/06,6,June,2003
Montana,213,32,21,17,30393,2010,1598,962,2003/06,6,June,2003
Nevada,3346,6,161,528,425232,866,14775,27703,2003/06,6,June,2003
Hawaii,427,2,11,213,82618,198,928,18205,2003/06,6,June,2003
Mississippi,938,0,3,240,106281,0,181,15279,2003/07,7,July,2003
Oklahoma,1345,64,0,86,162658,5010,0,5492,2003/07,7,July,2003
Minnesota,3191,70,80,623,521454,8996,5839,50681,2003/07,7,July,2003
Illinois,4372,118,223,1005,733480,11265,26692,95382,2003/07,7,July,2003
Georgia,6975,62,57,1595,832898,7624,2329,92539,2003/07,7,July,2003
Arkansas,793,50,55,442,112371,2840,1321,15063,2003/07,7,July,2003
New Mexico,1048,0,11,100,136277,0,549,4140,2003/07,7,July,2003
Indiana,3230,168,49,264,490142,14051,3873,13634,2003/07,7,July,2003
Maryland,1954,4,4,218,259223,317,315,12184,2003/07,7,July,2003
Texas,12699,142,160,1503,1624607,8751,8019,76284,2003/07,7,July,2003
Wyoming,196,20,3,5,34481,1762,833,223,2003/07,7,July,2003
Tennessee,3001,36,13,236,370470,2830,741,13416,2003/07,7,July,2003
Iowa,1399,8,35,317,187046,1145,2544,24777,2003/07,7,July,2003
Wisconsin,2717,190,120,537,415103,18310,7973,32335,2003/07,7,July,2003
Arizona,5848,78,36,379,866271,4612,2013,23898,2003/07,7,July,2003
Louisiana,1435,10,0,421,177877,428,0,26301,2003/07,7,July,2003
Michigan,4531,40,60,379,657867,3533,4551,20827,2003/07,7,July,2003
Kansas,1064,84,83,5,153023,7201,5138,298,2003/07,7,July,2003
Utah,1557,36,69,172,220568,3581,5904,14104,2003/07,7,July,2003
Virginia,4196,50,13,337,568292,2750,1090,18338,2003/07,7,July,2003
Oregon,1745,62,92,275,311886,6356,7675,19045,2003/07,7,July,2003
Connecticut,832,18,15,80,161652,1373,901,3961,2003/07,7,July,2003
District of Columbia,9,0,0,69,1173,0,0,4220,2003/07,7,July,2003
New Hampshire,617,38,25,100,103044,3183,2251,6730,2003/07,7,July,2003
Massachusetts,1260,64,51,541,243323,5407,4582,39381,2003/07,7,July,2003
West Virginia,439,6,3,13,56993,219,200,693,2003/07,7,July,2003
South Carolina,2875,12,66,998,400062,811,4264,54189,2003/07,7,July,2003
Vermont,232,18,7,19,32560,1199,607,699,2003/07,7,July,2003
Delaware,621,0,0,47,72810,0,0,2322,2003/07,7,July,2003
North Dakota,259,2,4,131,34661,150,240,7569,2003/07,7,July,2003
California,12207,182,273,3405,2330421,19396,24194,279697,2003/07,7,July,2003
Pennsylvania,3609,58,134,334,511891,5318,11632,24025,2003/07,7,July,2003
Florida,13788,244,348,2826,1982962,21916,39303,256341,2003/07,7,July,2003
Kentucky,1586,36,40,183,203632,1629,1439,9965,2003/07,7,July,2003
Rhode Island,172,10,0,32,26191,588,0,432,2003/07,7,July,2003
Nebraska,933,14,0,85,118330,958,0,4063,2003/07,7,July,2003
Missouri,2193,110,124,507,303277,9015,6662,29005,2003/07,7,July,2003
Ohio,4148,132,148,726,663783,12371,12148,42238,2003/07,7,July,2003
Alabama,1943,6,0,173,240587,296,0,8543,2003/07,7,July,2003
South Dakota,454,2,15,179,51553,166,941,12644,2003/07,7,July,2003
Alaska,170,34,9,36,31054,5068,664,5480,2003/07,7,July,2003
Colorado,3276,66,53,404,570867,8216,4696,36962,2003/07,7,July,2003
Idaho,1286,30,59,22,195868,2719,3014,639,2003/07,7,July,2003
New Jersey,1833,204,76,454,252044,17881,9364,25749,2003/07,7,July,2003
Washington,3148,88,30,822,495144,8216,2698,61492,2003/07,7,July,2003
North Carolina,5824,92,60,790,823279,5885,3918,42878,2003/07,7,July,2003
Maine,688,14,22,17,85100,1034,1633,1153,2003/07,7,July,2003
New York,2401,564,312,1012,393911,54177,25631,66617,2003/07,7,July,2003
Montana,214,16,39,13,32566,1566,3033,802,2003/07,7,July,2003
Nevada,3210,0,40,1072,402371,0,2874,57581,2003/07,7,July,2003
Hawaii,477,2,12,10,97073,198,1728,973,2003/07,7,July,2003
Mississippi,948,0,75,276,118093,0,4139,12579,2003/08,8,August,2003
Oklahoma,1072,10,204,274,148021,603,12000,13367,2003/08,8,August,2003
Minnesota,2920,60,106,690,479277,7422,10505,68155,2003/08,8,August,2003
Illinois,4211,140,359,1226,703121,14086,35182,118439,2003/08,8,August,2003
Georgia,6874,36,89,1644,833492,5633,3111,86368,2003/08,8,August,2003
Arkansas,1096,114,7,137,150371,8729,360,6601,2003/08,8,August,2003
New Mexico,974,0,12,151,143769,0,549,5737,2003/08,8,August,2003
Indiana,3098,154,130,717,473184,14277,10561,80294,2003/08,8,August,2003
Maryland,1770,4,44,341,246398,317,1045,19389,2003/08,8,August,2003
Texas,12087,208,146,2436,1591027,12877,5245,138559,2003/08,8,August,2003
Wyoming,191,2,11,0,31791,130,1083,0,2003/08,8,August,2003
Tennessee,3074,28,15,380,405481,2751,1046,18725,2003/08,8,August,2003
Iowa,1095,20,65,213,156365,2167,6391,18240,2003/08,8,August,2003
Wisconsin,2503,250,100,459,386938,25839,7834,26694,2003/08,8,August,2003
Arizona,5796,50,47,226,890284,3745,4085,16231,2003/08,8,August,2003
Louisiana,1450,60,26,59,177364,2837,1889,3685,2003/08,8,August,2003
Michigan,4077,96,43,826,591179,7023,3848,47261,2003/08,8,August,2003
Kansas,877,26,45,204,134186,3038,3500,14062,2003/08,8,August,2003
Utah,1688,36,49,357,247338,3723,3889,26105,2003/08,8,August,2003
Virginia,4474,24,13,774,596423,1818,931,42654,2003/08,8,August,2003
Oregon,1688,66,78,223,305796,4406,6440,13495,2003/08,8,August,2003
Connecticut,747,36,4,94,159017,2219,328,3506,2003/08,8,August,2003
District of Columbia,6,0,0,0,782,0,0,0,2003/08,8,August,2003
New Hampshire,583,36,10,152,97186,3414,822,21408,2003/08,8,August,2003
Massachusetts,1088,56,57,917,205321,4776,5546,73621,2003/08,8,August,2003
West Virginia,431,4,4,12,55063,261,237,480,2003/08,8,August,2003
South Carolina,2490,18,44,225,342065,928,3366,27443,2003/08,8,August,2003
Vermont,207,12,4,27,27054,1328,221,1639,2003/08,8,August,2003
Delaware,595,0,0,95,68822,0,0,5585,2003/08,8,August,2003
North Dakota,339,2,43,156,50152,150,4440,7690,2003/08,8,August,2003
California,11042,210,204,3155,2139546,23601,16377,301049,2003/08,8,August,2003
Pennsylvania,3210,42,84,572,458550,3316,6233,42286,2003/08,8,August,2003
Florida,13701,306,378,4354,1985167,26658,46527,420563,2003/08,8,August,2003
Kentucky,1594,46,95,72,199145,2342,3504,3558,2003/08,8,August,2003
Rhode Island,167,6,0,49,25602,416,0,829,2003/08,8,August,2003
Nebraska,648,42,0,60,86243,3623,0,3060,2003/08,8,August,2003
Missouri,1984,162,197,179,283068,15353,13603,12295,2003/08,8,August,2003
Ohio,3947,98,149,489,651684,9410,12214,22118,2003/08,8,August,2003
Alabama,1984,34,9,274,237949,1085,300,8985,2003/08,8,August,2003
South Dakota,353,14,20,9,43471,1115,2316,590,2003/08,8,August,2003
Alaska,165,60,23,6,30065,8630,2412,589,2003/08,8,August,2003
Colorado,2891,68,64,410,502155,14725,5472,33032,2003/08,8,August,2003
Idaho,1077,24,141,141,154806,1873,4931,5980,2003/08,8,August,2003
New Jersey,1981,176,124,526,257532,13665,9644,34179,2003/08,8,August,2003
Washington,2916,94,85,902,492041,8307,6435,60648,2003/08,8,August,2003
North Carolina,6247,110,40,960,877227,6270,2903,85845,2003/08,8,August,2003
Maine,639,18,16,27,82634,1761,1283,1663,2003/08,8,August,2003
New York,2227,376,439,2548,357785,37598,33697,180499,2003/08,8,August,2003
Montana,202,22,25,51,28272,2157,2424,2181,2003/08,8,August,2003
Nevada,2730,0,31,908,366295,0,2706,55023,2003/08,8,August,2003
Hawaii,411,8,16,32,79307,679,1816,2195,2003/08,8,August,2003
Mississippi,1023,8,7,44,107764,336,195,1684,2003/09,9,September,2003
Oklahoma,1059,18,44,79,143373,1424,1173,4653,2003/09,9,September,2003
Minnesota,3446,80,135,853,545860,9744,11690,73586,2003/09,9,September,2003
Illinois,4210,194,270,1204,726791,18090,15504,90649,2003/09,9,September,2003
Georgia,7050,86,79,1985,841047,8132,3233,115562,2003/09,9,September,2003
Arkansas,824,48,30,454,103801,3153,1344,17836,2003/09,9,September,2003
New Mexico,1119,4,8,65,153434,157,240,6833,2003/09,9,September,2003
Indiana,3107,158,232,518,468144,14991,15800,24155,2003/09,9,September,2003
Maryland,1760,0,15,488,241180,0,1306,29413,2003/09,9,September,2003
Texas,11296,286,254,3279,1465055,18971,17937,188734,2003/09,9,September,2003
Wyoming,182,8,4,10,31410,660,1111,513,2003/09,9,September,2003
Tennessee,2788,50,86,159,361818,3707,4076,8852,2003/09,9,September,2003
Iowa,1078,58,59,208,156093,5689,3155,22027,2003/09,9,September,2003
Wisconsin,2614,212,146,767,416589,19631,11711,64369,2003/09,9,September,2003
Arizona,5738,74,22,768,864109,5107,878,50060,2003/09,9,September,2003
Louisiana,1425,28,13,679,171322,1573,425,31930,2003/09,9,September,2003
Michigan,4612,68,133,891,651531,5475,12669,64909,2003/09,9,September,2003
Kansas,753,36,19,375,123777,3451,2087,21222,2003/09,9,September,2003
Utah,1682,16,93,383,251203,1608,8252,26992,2003/09,9,September,2003
Virginia,3792,42,24,491,513378,2185,1563,18013,2003/09,9,September,2003
Oregon,1631,120,298,455,284930,11820,16866,29003,2003/09,9,September,2003
Connecticut,701,26,8,158,142422,1718,780,5843,2003/09,9,September,2003
District of Columbia,8,0,0,90,1043,0,0,5505,2003/09,9,September,2003
New Hampshire,544,10,14,37,91341,988,1409,2843,2003/09,9,September,2003
Massachusetts,1138,48,47,192,229664,4251,4352,14178,2003/09,9,September,2003
West Virginia,359,4,6,10,46035,381,328,534,2003/09,9,September,2003
South Carolina,2644,20,57,254,341866,1158,3638,19212,2003/09,9,September,2003
Vermont,199,24,3,10,27905,2593,180,537,2003/09,9,September,2003
Delaware,575,4,0,13,63559,180,0,280,2003/09,9,September,2003
North Dakota,247,0,48,46,34484,0,3555,2693,2003/09,9,September,2003
California,11671,196,433,2728,2322715,20341,40470,241473,2003/09,9,September,2003
Pennsylvania,3231,36,63,210,476333,2929,4332,13687,2003/09,9,September,2003
Florida,12547,328,268,3206,1897743,31957,27098,304539,2003/09,9,September,2003
Kentucky,1605,48,58,238,190679,2878,2160,13887,2003/09,9,September,2003
Rhode Island,213,4,3,31,33102,238,356,4089,2003/09,9,September,2003
Nebraska,783,46,3,192,104082,3829,270,14274,2003/09,9,September,2003
Missouri,1953,160,37,237,279401,11921,2093,10370,2003/09,9,September,2003
Ohio,4106,154,251,662,654513,14980,18706,33103,2003/09,9,September,2003
Alabama,1800,20,16,468,211051,1094,1009,23110,2003/09,9,September,2003
South Dakota,425,18,11,5,49965,1721,1187,70,2003/09,9,September,2003
Alaska,140,186,3,35,28036,24376,292,5315,2003/09,9,September,2003
Colorado,2931,38,87,428,528751,4787,8422,33721,2003/09,9,September,2003
Idaho,1233,26,107,54,170475,2223,5067,3460,2003/09,9,September,2003
New Jersey,1895,194,58,445,254148,16479,3536,28441,2003/09,9,September,2003
Washington,2912,108,102,762,465884,10799,8133,96648,2003/09,9,September,2003
North Carolina,5652,56,73,857,793539,5396,4735,66125,2003/09,9,September,2003
Maine,665,12,13,18,90719,883,1143,987,2003/09,9,September,2003
New York,2300,454,367,1005,380967,44288,29708,69017,2003/09,9,September,2003
Montana,220,48,40,62,31613,4345,2398,2941,2003/09,9,September,2003
Nevada,3035,6,247,941,390835,432,15582,39256,2003/09,9,September,2003
Hawaii,395,0,0,8,79780,0,0,625,2003/09,9,September,2003
Mississippi,1046,0,8,101,109045,0,229,4398,2003/10,10,October,2003
Oklahoma,1089,22,3,211,149036,1781,94,12617,2003/10,10,October,2003
Minnesota,3356,110,98,688,533962,13469,10727,60980,2003/10,10,October,2003
Illinois,4843,192,194,1795,831248,21923,25676,162339,2003/10,10,October,2003
Georgia,7021,114,78,1369,843463,9271,3251,97140,2003/10,10,October,2003
Arkansas,824,24,22,269,113543,2230,965,18829,2003/10,10,October,2003
New Mexico,1124,6,10,0,159713,478,1061,0,2003/10,10,October,2003
Indiana,3202,148,43,325,489164,14683,2855,23174,2003/10,10,October,2003
Maryland,2025,24,7,357,283429,853,487,21334,2003/10,10,October,2003
Texas,11254,208,101,3521,1498197,12766,4796,173416,2003/10,10,October,2003
Wyoming,182,2,3,16,34240,131,833,763,2003/10,10,October,2003
Tennessee,3274,24,35,766,430654,1891,2577,33700,2003/10,10,October,2003
Iowa,1199,46,24,120,177150,4511,1935,6235,2003/10,10,October,2003
Wisconsin,2988,256,117,475,481967,23801,8679,41844,2003/10,10,October,2003
Arizona,5594,60,306,952,856940,4494,25604,66158,2003/10,10,October,2003
Louisiana,1563,14,23,407,198949,874,1416,21930,2003/10,10,October,2003
Michigan,4829,74,93,853,687506,6466,8520,54381,2003/10,10,October,2003
Kansas,983,50,16,825,150773,5595,1547,27009,2003/10,10,October,2003
Utah,1797,32,147,169,252421,3232,12777,13023,2003/10,10,October,2003
Virginia,3962,104,96,1132,533663,6527,6770,60698,2003/10,10,October,2003
Oregon,1781,78,121,420,305042,6900,9016,28641,2003/10,10,October,2003
Connecticut,887,18,18,550,170537,2060,1202,166815,2003/10,10,October,2003
District of Columbia,10,2,0,49,1304,146,0,2997,2003/10,10,October,2003
New Hampshire,592,66,7,176,99957,6681,772,8618,2003/10,10,October,2003
Massachusetts,1287,74,48,367,244166,8027,4801,31793,2003/10,10,October,2003
West Virginia,392,24,6,15,61571,1237,302,855,2003/10,10,October,2003
South Carolina,2772,22,17,415,360580,1988,854,28489,2003/10,10,October,2003
Vermont,249,10,6,19,33744,1226,380,1110,2003/10,10,October,2003
Delaware,701,0,8,10,74206,0,700,160,2003/10,10,October,2003
North Dakota,240,4,6,104,34609,180,571,6125,2003/10,10,October,2003
California,13351,216,446,5773,2663169,23711,42732,490930,2003/10,10,October,2003
Pennsylvania,3327,62,88,885,483271,5477,8339,50295,2003/10,10,October,2003
Florida,14072,366,325,4919,2044455,33630,36203,464414,2003/10,10,October,2003
Kentucky,1738,56,30,387,212446,3440,735,22328,2003/10,10,October,2003
Rhode Island,243,6,14,143,36929,312,665,6958,2003/10,10,October,2003
Nebraska,818,28,0,97,111699,2737,0,7030,2003/10,10,October,2003
Missouri,2052,102,75,381,292909,9255,2816,22210,2003/10,10,October,2003
Ohio,4181,82,141,827,690350,7621,11921,35105,2003/10,10,October,2003
Alabama,1751,16,0,436,240176,817,0,21250,2003/10,10,October,2003
South Dakota,393,8,7,12,46173,1010,567,486,2003/10,10,October,2003
Alaska,165,78,0,86,30253,9990,0,8886,2003/10,10,October,2003
Colorado,3548,50,45,752,584852,6350,3974,60604,2003/10,10,October,2003
Idaho,1312,50,58,144,191833,4299,2690,6361,2003/10,10,October,2003
New Jersey,2105,252,169,878,311789,24148,10680,55028,2003/10,10,October,2003
Washington,2934,122,147,317,472341,10701,12175,23114,2003/10,10,October,2003
North Carolina,6226,66,104,1126,885063,4901,6842,58832,2003/10,10,October,2003
Maine,590,24,11,50,82104,2442,1222,5754,2003/10,10,October,2003
New York,2490,576,413,1181,397877,56492,34138,89473,2003/10,10,October,2003
Montana,202,48,59,157,27494,4256,5063,7515,2003/10,10,October,2003
Nevada,2640,4,83,854,375607,398,6072,34853,2003/10,10,October,2003
Hawaii,455,0,0,13,100435,0,0,1265,2003/10,10,October,2003
Mississippi,766,2,6,94,82605,68,119,4061,2003/11,11,November,2003
Oklahoma,799,18,3,133,112916,1294,209,7272,2003/11,11,November,2003
Minnesota,2200,86,112,599,373286,11327,9698,56492,2003/11,11,November,2003
Illinois,2878,118,198,1701,529966,13317,15407,109994,2003/11,11,November,2003
Georgia,5142,38,74,949,635800,5366,1965,54959,2003/11,11,November,2003
Arkansas,587,12,13,40,82363,856,770,1541,2003/11,11,November,2003
New Mexico,828,0,7,9,119201,0,392,1343,2003/11,11,November,2003
Indiana,2173,134,37,516,341801,13354,2998,47003,2003/11,11,November,2003
Maryland,1458,46,0,451,196377,2629,0,25591,2003/11,11,November,2003
Texas,8361,118,150,2526,1078186,8564,6444,131989,2003/11,11,November,2003
Wyoming,115,2,3,34,18966,96,833,1226,2003/11,11,November,2003
Tennessee,2094,36,62,98,281337,2894,2947,4809,2003/11,11,November,2003
Iowa,1019,28,14,276,140684,2535,1170,25459,2003/11,11,November,2003
Wisconsin,2051,230,82,734,350601,20428,6974,45651,2003/11,11,November,2003
Arizona,4343,60,24,890,654768,5203,2453,43098,2003/11,11,November,2003
Louisiana,1137,16,20,203,138090,763,818,12590,2003/11,11,November,2003
Michigan,2903,40,82,384,425513,4242,8816,24268,2003/11,11,November,2003
Kansas,762,194,106,174,117855,16162,7608,7926,2003/11,11,November,2003
Utah,1264,18,72,188,178283,2697,5122,14493,2003/11,11,November,2003
Virginia,3082,30,71,439,416690,2638,5060,25530,2003/11,11,November,2003
Oregon,1055,26,67,124,185698,2283,7160,8292,2003/11,11,November,2003
Connecticut,633,16,6,134,128419,1642,620,9432,2003/11,11,November,2003
District of Columbia,6,0,0,0,782,0,0,0,2003/11,11,November,2003
New Hampshire,385,16,6,61,63547,1876,670,3183,2003/11,11,November,2003
Massachusetts,1000,84,90,557,193155,7682,8699,43144,2003/11,11,November,2003
West Virginia,282,24,8,37,34891,1089,362,3635,2003/11,11,November,2003
South Carolina,1966,20,15,315,262903,1250,1223,21545,2003/11,11,November,2003
Vermont,148,22,3,20,21083,1944,166,2088,2003/11,11,November,2003
Delaware,613,0,0,149,62537,0,0,4400,2003/11,11,November,2003
North Dakota,148,0,0,96,20729,0,0,3958,2003/11,11,November,2003
California,9718,170,207,3299,1891655,17126,21227,288524,2003/11,11,November,2003
Pennsylvania,2502,26,112,869,370831,3002,7266,58634,2003/11,11,November,2003
Florida,10552,424,211,2106,1635906,22120,23783,294501,2003/11,11,November,2003
Kentucky,1144,22,34,55,134499,1468,1036,3171,2003/11,11,November,2003
Rhode Island,192,8,14,35,31172,440,603,861,2003/11,11,November,2003
Nebraska,534,14,4,213,68708,1022,225,10845,2003/11,11,November,2003
Missouri,1563,124,41,321,229758,9980,3063,16852,2003/11,11,November,2003
Ohio,2979,74,213,373,511991,7398,22815,20039,2003/11,11,November,2003
Alabama,1443,36,7,271,179536,1605,371,32412,2003/11,11,November,2003
South Dakota,289,10,14,0,34731,904,882,0,2003/11,11,November,2003
Alaska,91,8,30,0,18118,1464,4658,0,2003/11,11,November,2003
Colorado,2220,32,14,509,385071,3429,1434,35312,2003/11,11,November,2003
Idaho,983,10,25,42,137207,765,1266,1750,2003/11,11,November,2003
New Jersey,1735,188,73,354,238118,16251,4068,22346,2003/11,11,November,2003
Washington,2104,70,60,444,339899,6562,5705,35369,2003/11,11,November,2003
North Carolina,4598,124,65,836,657286,5246,3580,43155,2003/11,11,November,2003
Maine,403,24,6,22,61609,2084,431,1435,2003/11,11,November,2003
New York,1846,662,326,850,315291,63864,26857,53988,2003/11,11,November,2003
Montana,126,24,17,55,19094,2299,1315,2773,2003/11,11,November,2003
Nevada,2088,2,41,535,296290,184,2929,25200,2003/11,11,November,2003
Hawaii,376,10,0,44,75723,1303,0,4087,2003/11,11,November,2003
Mississippi,690,4,7,103,74388,255,265,8119,2003/12,12,December,2003
Oklahoma,922,48,0,67,131396,3524,0,1763,2003/12,12,December,2003
Minnesota,2007,62,149,1441,359232,6368,15104,131978,2003/12,12,December,2003
Illinois,2580,90,183,991,504380,8392,15858,77857,2003/12,12,December,2003
Georgia,6784,58,42,1181,846325,5294,2149,60749,2003/12,12,December,2003
Arkansas,644,28,3,306,91870,1529,189,19577,2003/12,12,December,2003
New Mexico,888,8,18,90,116318,366,1444,3729,2003/12,12,December,2003
Indiana,1988,112,70,506,324786,9840,4987,21771,2003/12,12,December,2003
Maryland,1998,0,0,512,286140,0,0,30185,2003/12,12,December,2003
Texas,9567,142,123,3156,1254355,8714,5452,165788,2003/12,12,December,2003
Wyoming,117,2,0,5,20596,134,0,290,2003/12,12,December,2003
Tennessee,2344,34,31,947,309165,2926,1407,55131,2003/12,12,December,2003
Iowa,644,34,15,451,102754,3292,1353,45375,2003/12,12,December,2003
Wisconsin,1503,192,155,706,247096,18766,14039,62999,2003/12,12,December,2003
Arizona,5827,58,58,848,941451,4214,4520,65279,2003/12,12,December,2003
Louisiana,1216,26,67,241,152862,1640,2580,13073,2003/12,12,December,2003
Michigan,2652,28,21,384,412679,2069,2271,24319,2003/12,12,December,2003
Kansas,1070,20,27,45,146037,1412,1789,2222,2003/12,12,December,2003
Utah,1243,22,29,117,188580,2760,2844,7031,2003/12,12,December,2003
Virginia,3495,22,52,1584,512891,1547,3499,64462,2003/12,12,December,2003
Oregon,1184,58,49,451,213956,5285,4987,34418,2003/12,12,December,2003
Connecticut,594,16,12,122,126027,1136,937,7740,2003/12,12,December,2003
District of Columbia,20,0,0,0,2607,0,0,0,2003/12,12,December,2003
New Hampshire,336,8,39,201,55099,615,2874,11125,2003/12,12,December,2003
Massachusetts,1119,68,45,446,216488,6668,4432,33553,2003/12,12,December,2003
West Virginia,329,4,0,5,47560,129,0,226,2003/12,12,December,2003
South Carolina,2387,16,24,243,317712,1279,2213,18365,2003/12,12,December,2003
Vermont,131,6,20,41,18103,500,1646,2652,2003/12,12,December,2003
Delaware,650,0,0,374,76471,0,0,20781,2003/12,12,December,2003
North Dakota,45,2,8,0,6915,250,661,0,2003/12,12,December,2003
California,11242,172,244,3167,2220289,20332,24248,271159,2003/12,12,December,2003
Pennsylvania,2623,52,156,773,382254,4126,12867,58371,2003/12,12,December,2003
Florida,13068,334,231,4993,1980882,32417,22985,399338,2003/12,12,December,2003
Kentucky,1005,14,3,62,122686,719,90,3366,2003/12,12,December,2003
Rhode Island,135,8,6,9,23178,387,168,536,2003/12,12,December,2003
Nebraska,497,20,0,49,66243,1833,0,2912,2003/12,12,December,2003
Missouri,1468,86,84,76,199143,7088,3651,5492,2003/12,12,December,2003
Ohio,2617,182,135,777,451072,20036,12755,47889,2003/12,12,December,2003
Alabama,1613,8,4,219,216532,551,500,16877,2003/12,12,December,2003
South Dakota,219,0,3,5,27232,0,276,194,2003/12,12,December,2003
Alaska,93,12,0,128,20579,1403,0,10230,2003/12,12,December,2003
Colorado,2556,138,119,231,461354,7408,12467,17027,2003/12,12,December,2003
Idaho,817,12,66,211,120373,783,2789,9867,2003/12,12,December,2003
New Jersey,1515,172,76,784,209947,15434,3072,52272,2003/12,12,December,2003
Washington,2243,80,72,236,369680,8384,6881,17155,2003/12,12,December,2003
North Carolina,5256,50,101,896,804896,4022,6696,54883,2003/12,12,December,2003
Maine,417,10,10,50,54571,823,542,3853,2003/12,12,December,2003
New York,1677,328,280,2397,315437,31286,22948,159757,2003/12,12,December,2003
Montana,126,8,14,56,18496,475,811,2953,2003/12,12,December,2003
Nevada,3364,12,38,809,483341,1250,3220,59816,2003/12,12,December,2003
Hawaii,399,2,0,12,70533,198,0,1168,2003/12,12,December,2003
Mississippi,794,4,3,191,82368,120,188,7965,2004/01,1,January,2004
Oklahoma,841,8,25,159,120124,555,1220,7349,2004/01,1,January,2004
Minnesota,1119,52,52,235,206736,6999,2619,24963,2004/01,1,January,2004
Illinois,2490,130,140,374,429915,10081,9183,39868,2004/01,1,January,2004
Georgia,6389,76,107,1852,795660,4674,4220,108592,2004/01,1,January,2004
Arkansas,720,32,29,331,102773,2016,1409,13342,2004/01,1,January,2004
New Mexico,825,6,7,288,120901,530,489,12500,2004/01,1,January,2004
Indiana,1718,58,10,218,267298,5928,928,11786,2004/01,1,January,2004
Maryland,1672,4,8,168,274042,180,998,15315,2004/01,1,January,2004
Texas,10148,208,275,2258,1327990,12498,14098,128815,2004/01,1,January,2004
Wyoming,93,46,0,17,18786,6230,0,940,2004/01,1,January,2004
Tennessee,2597,16,17,327,335751,611,936,25340,2004/01,1,January,2004
Iowa,466,12,12,310,74939,2037,1044,26778,2004/01,1,January,2004
Wisconsin,1198,124,67,506,204177,11149,6986,38132,2004/01,1,January,2004
Arizona,4448,72,80,461,698292,5964,5446,29682,2004/01,1,January,2004
Louisiana,1177,48,22,77,149316,2515,1400,5702,2004/01,1,January,2004
Michigan,2110,30,61,314,319539,2852,3880,27689,2004/01,1,January,2004
Kansas,594,40,0,0,91707,3897,0,0,2004/01,1,January,2004
Utah,1142,20,70,170,164937,2132,5558,13857,2004/01,1,January,2004
Virginia,3169,52,115,1053,426009,2425,6912,58644,2004/01,1,January,2004
Oregon,1210,80,36,246,206495,9168,3227,17332,2004/01,1,January,2004
Connecticut,462,34,0,222,93588,2310,0,18078,2004/01,1,January,2004
District of Columbia,3,0,0,7,260,0,0,428,2004/01,1,January,2004
New Hampshire,369,12,8,122,57732,977,696,8426,2004/01,1,January,2004
Massachusetts,808,54,38,469,167544,4614,3196,30454,2004/01,1,January,2004
West Virginia,312,0,0,5,47060,0,0,204,2004/01,1,January,2004
South Carolina,2274,30,18,186,328734,1690,842,11009,2004/01,1,January,2004
Vermont,104,4,0,54,14965,266,0,2423,2004/01,1,January,2004
Delaware,455,0,0,93,47886,0,0,2330,2004/01,1,January,2004
North Dakota,26,0,0,29,3538,0,0,1558,2004/01,1,January,2004
California,10963,174,325,2565,2188703,20069,29983,241261,2004/01,1,January,2004
Pennsylvania,2003,60,33,197,299430,4932,2890,16948,2004/01,1,January,2004
Florida,12327,350,368,4086,1924236,35060,48729,411022,2004/01,1,January,2004
Kentucky,1103,50,20,42,130470,2348,1576,1822,2004/01,1,January,2004
Rhode Island,133,0,3,5,19825,0,200,298,2004/01,1,January,2004
Nebraska,384,14,8,51,52311,914,779,2490,2004/01,1,January,2004
Missouri,1396,102,197,309,200228,6556,9991,41162,2004/01,1,January,2004
Ohio,2153,16,79,32,365814,1878,3391,2003,2004/01,1,January,2004
Alabama,1815,34,4,524,219433,1717,293,49333,2004/01,1,January,2004
South Dakota,210,4,88,147,23985,480,5885,6619,2004/01,1,January,2004
Alaska,73,10,8,0,15964,1401,906,0,2004/01,1,January,2004
Colorado,2347,64,33,595,448778,8034,3555,42907,2004/01,1,January,2004
Idaho,629,34,31,12,90473,2809,1538,693,2004/01,1,January,2004
New Jersey,1320,212,86,667,175247,18663,4284,16540,2004/01,1,January,2004
Washington,2146,78,63,486,351963,8310,5553,41058,2004/01,1,January,2004
North Carolina,5232,52,37,810,757378,3598,3985,57365,2004/01,1,January,2004
Maine,365,6,12,23,53993,496,235,1684,2004/01,1,January,2004
New York,1240,346,306,824,223275,33707,22347,51610,2004/01,1,January,2004
Montana,81,30,18,65,11619,2638,2039,3399,2004/01,1,January,2004
Nevada,2688,6,114,376,357995,771,10372,22255,2004/01,1,January,2004
Hawaii,493,8,36,284,94356,1000,5018,34183,2004/01,1,January,2004
Mississippi,726,24,34,201,80953,1863,446,7675,2004/02,2,February,2004
Oklahoma,1006,10,14,161,137308,811,777,7312,2004/02,2,February,2004
Minnesota,1363,14,31,264,252659,2414,4041,36275,2004/02,2,February,2004
Illinois,2591,60,76,356,462829,6168,6186,30978,2004/02,2,February,2004
Georgia,6247,50,12,720,777787,6049,598,45356,2004/02,2,February,2004
Arkansas,678,10,18,188,97409,501,1072,9624,2004/02,2,February,2004
New Mexico,1126,0,0,8,146808,0,0,225,2004/02,2,February,2004
Indiana,1918,42,29,474,303207,3364,2168,23429,2004/02,2,February,2004
Maryland,1460,4,8,240,203180,292,556,16384,2004/02,2,February,2004
Texas,10772,244,167,1605,1495303,14207,6695,74282,2004/02,2,February,2004
Wyoming,135,2,3,0,21781,130,833,0,2004/02,2,February,2004
Tennessee,2788,18,47,309,365478,2046,2304,14543,2004/02,2,February,2004
Iowa,428,46,3,62,69237,4140,107,3817,2004/02,2,February,2004
Wisconsin,1459,70,84,429,251234,6801,11416,22609,2004/02,2,February,2004
Arizona,4876,42,157,392,751230,3785,19400,20951,2004/02,2,February,2004
Louisiana,1070,72,0,253,148865,2863,0,16018,2004/02,2,February,2004
Michigan,2475,22,63,284,379607,1963,6472,18848,2004/02,2,February,2004
Kansas,691,2,12,11,104408,274,1744,324,2004/02,2,February,2004
Utah,1156,20,33,126,178498,2304,2838,10458,2004/02,2,February,2004
Virginia,3281,44,74,1032,464343,3394,4717,51358,2004/02,2,February,2004
Oregon,1325,74,68,100,250860,7486,4946,6464,2004/02,2,February,2004
Connecticut,418,20,4,90,92065,1716,63,5001,2004/02,2,February,2004
District of Columbia,50,0,0,55,753,0,0,3364,2004/02,2,February,2004
New Hampshire,344,6,0,204,56457,639,0,15156,2004/02,2,February,2004
Massachusetts,716,32,18,158,134316,3153,1250,12113,2004/02,2,February,2004
West Virginia,349,0,0,15,43289,0,0,526,2004/02,2,February,2004
South Carolina,2486,16,32,562,338228,1173,2286,37867,2004/02,2,February,2004
Vermont,85,6,3,5,12501,468,357,353,2004/02,2,February,2004
Delaware,633,0,0,12,67674,0,0,255,2004/02,2,February,2004
North Dakota,23,0,0,5,2192,0,0,298,2004/02,2,February,2004
California,10288,194,330,3341,2074585,19462,37504,281110,2004/02,2,February,2004
Pennsylvania,2163,18,143,276,320891,1480,11167,17065,2004/02,2,February,2004
Florida,12964,410,277,5801,1961409,35371,36675,522938,2004/02,2,February,2004
Kentucky,1468,56,50,59,183008,3475,1988,1891,2004/02,2,February,2004
Rhode Island,110,2,3,15,19008,66,356,926,2004/02,2,February,2004
Nebraska,479,2,0,76,60398,139,0,4091,2004/02,2,February,2004
Missouri,1439,92,68,24,212040,7374,4849,957,2004/02,2,February,2004
Ohio,2493,40,32,407,437181,4301,2829,13822,2004/02,2,February,2004
Alabama,1786,6,25,364,236015,300,1294,49509,2004/02,2,February,2004
South Dakota,198,12,3,5,24654,1538,195,194,2004/02,2,February,2004
Alaska,87,4,8,0,18999,313,530,0,2004/02,2,February,2004
Colorado,2365,64,40,284,405864,7439,4119,23877,2004/02,2,February,2004
Idaho,803,36,57,27,123318,3034,2519,1862,2004/02,2,February,2004
New Jersey,1269,70,25,501,161427,5390,967,34940,2004/02,2,February,2004
Washington,2344,84,68,242,370301,8790,5759,19162,2004/02,2,February,2004
North Carolina,5487,102,43,907,770645,7232,2953,50238,2004/02,2,February,2004
Maine,318,4,3,11,48609,308,261,637,2004/02,2,February,2004
New York,1328,312,292,966,233025,30539,23511,69558,2004/02,2,February,2004
Montana,96,14,9,50,14621,864,533,865,2004/02,2,February,2004
Nevada,2974,4,66,602,400464,250,5556,40180,2004/02,2,February,2004
Hawaii,342,0,27,414,73676,0,3681,117161,2004/02,2,February,2004
Mississippi,1229,10,68,51,134831,691,2477,2766,2004/03,3,March,2004
Oklahoma,1296,18,134,359,179957,1410,5225,23816,2004/03,3,March,2004
Minnesota,2215,28,76,485,368875,3820,5489,61234,2004/03,3,March,2004
Illinois,4289,124,172,1123,764098,12787,14291,89551,2004/03,3,March,2004
Georgia,8791,82,94,1117,1115748,8257,3741,63273,2004/03,3,March,2004
Arkansas,913,28,49,273,131753,2008,2251,9749,2004/03,3,March,2004
New Mexico,1163,0,23,49,166799,0,1195,2800,2004/03,3,March,2004
Indiana,3000,88,73,436,474502,9583,4525,16929,2004/03,3,March,2004
Maryland,1906,8,14,384,280709,590,1011,55159,2004/03,3,March,2004
Texas,14021,200,379,2044,1869823,11669,12831,105842,2004/03,3,March,2004
Wyoming,208,4,33,10,31275,260,2273,513,2004/03,3,March,2004
Tennessee,3788,68,47,1479,552524,3979,2463,80325,2004/03,3,March,2004
Iowa,1211,6,26,264,179003,505,2049,10795,2004/03,3,March,2004
Wisconsin,2161,142,100,408,370588,12680,10871,25508,2004/03,3,March,2004
Arizona,7407,36,166,187,1128128,3294,15152,11943,2004/03,3,March,2004
Louisiana,1710,46,37,103,216570,2833,648,10364,2004/03,3,March,2004
Michigan,3656,48,43,497,540492,4363,5147,35215,2004/03,3,March,2004
Kansas,1060,30,3,161,169754,2443,293,10192,2004/03,3,March,2004
Utah,1704,88,148,197,248918,7668,13834,13566,2004/03,3,March,2004
Virginia,5105,70,79,857,706626,3968,6208,39266,2004/03,3,March,2004
Oregon,1892,62,72,188,339315,6290,6618,14186,2004/03,3,March,2004
Connecticut,766,8,3,156,167926,903,443,11126,2004/03,3,March,2004
District of Columbia,38,0,0,0,3578,0,0,0,2004/03,3,March,2004
New Hampshire,565,20,7,64,92902,2005,600,3850,2004/03,3,March,2004
Massachusetts,1227,54,71,92,240241,5450,7390,8311,2004/03,3,March,2004
West Virginia,440,4,4,126,57909,280,237,5196,2004/03,3,March,2004
South Carolina,3419,40,25,386,440711,2890,2058,26111,2004/03,3,March,2004
Vermont,263,10,3,80,35482,765,166,6155,2004/03,3,March,2004
Delaware,758,0,0,15,84572,0,0,330,2004/03,3,March,2004
North Dakota,196,4,0,70,24503,387,0,5484,2004/03,3,March,2004
California,14368,192,500,3659,2938205,20743,43390,364983,2004/03,3,March,2004
Pennsylvania,4323,20,293,1898,613796,1899,23151,103798,2004/03,3,March,2004
Florida,15418,362,287,3809,2441304,32849,41431,367756,2004/03,3,March,2004
Kentucky,2066,42,36,168,250273,3397,1621,7603,2004/03,3,March,2004
Rhode Island,174,12,0,8,27226,1000,0,476,2004/03,3,March,2004
Nebraska,728,20,4,43,99144,1814,242,1936,2004/03,3,March,2004
Missouri,2503,116,116,179,356674,8703,9087,9932,2004/03,3,March,2004
Ohio,4190,78,142,386,717260,6502,12077,18159,2004/03,3,March,2004
Alabama,2284,692,7,378,286244,42831,546,20196,2004/03,3,March,2004
South Dakota,520,12,12,37,64988,1319,1673,2197,2004/03,3,March,2004
Alaska,146,22,10,20,24185,2784,879,1564,2004/03,3,March,2004
Colorado,3688,120,118,374,673357,12248,9791,33162,2004/03,3,March,2004
Idaho,1223,32,146,78,186111,2530,6110,3720,2004/03,3,March,2004
New Jersey,1861,168,96,1028,262273,13871,6675,119579,2004/03,3,March,2004
Washington,3229,170,163,585,509093,16756,16150,43919,2004/03,3,March,2004
North Carolina,7589,86,84,1900,1088595,8118,4106,101370,2004/03,3,March,2004
Maine,591,12,17,31,81138,1065,1999,1796,2004/03,3,March,2004
New York,2121,460,344,901,380633,45936,28059,57025,2004/03,3,March,2004
Montana,203,22,15,11,27104,1814,928,708,2004/03,3,March,2004
Nevada,3230,0,268,175,426772,0,21439,14820,2004/03,3,March,2004
Hawaii,516,0,0,291,85753,0,0,40423,2004/03,3,March,2004
Mississippi,1161,4,12,42,126967,148,914,1494,2004/04,4,April,2004
Oklahoma,1244,16,4,198,176620,1251,130,12974,2004/04,4,April,2004
Minnesota,3372,60,122,303,565001,6916,10838,32431,2004/04,4,April,2004
Illinois,4320,94,78,422,811205,10095,4748,38124,2004/04,4,April,2004
Georgia,7656,136,64,907,987469,8783,2883,50986,2004/04,4,April,2004
Arkansas,828,44,20,944,123887,2664,961,42368,2004/04,4,April,2004
New Mexico,1151,0,13,136,165014,0,514,7895,2004/04,4,April,2004
Indiana,3135,170,125,688,504560,15431,8682,38566,2004/04,4,April,2004
Maryland,2044,18,14,670,294555,1252,873,40645,2004/04,4,April,2004
Texas,13682,408,274,2119,1870768,26544,16170,129119,2004/04,4,April,2004
Wyoming,228,6,24,11,45501,440,2136,512,2004/04,4,April,2004
Tennessee,3426,80,23,420,462359,3759,892,29504,2004/04,4,April,2004
Iowa,1368,106,32,350,214317,9738,2726,30865,2004/04,4,April,2004
Wisconsin,2937,244,158,787,480219,24970,12870,46581,2004/04,4,April,2004
Arizona,6602,126,268,1384,1050679,8406,21066,86638,2004/04,4,April,2004
Louisiana,1655,92,30,70,204054,6203,1793,8046,2004/04,4,April,2004
Michigan,4573,38,84,544,684163,3174,8853,47124,2004/04,4,April,2004
Kansas,1096,54,12,5,164500,4833,1251,299,2004/04,4,April,2004
Utah,1865,34,93,155,305091,3208,9094,13556,2004/04,4,April,2004
Virginia,4424,72,47,1382,636092,5026,3100,69940,2004/04,4,April,2004
Oregon,1917,94,111,333,356223,8923,9362,26086,2004/04,4,April,2004
Connecticut,802,12,23,163,166083,676,1762,7932,2004/04,4,April,2004
District of Columbia,54,0,0,673,5568,0,0,121879,2004/04,4,April,2004
New Hampshire,646,20,18,152,109322,2134,2178,8820,2004/04,4,April,2004
Massachusetts,1285,50,43,544,247858,4737,3783,52207,2004/04,4,April,2004
West Virginia,492,24,11,5,63647,1916,468,204,2004/04,4,April,2004
South Carolina,3032,30,38,444,411264,2018,3255,25820,2004/04,4,April,2004
Vermont,309,70,10,58,44946,6698,974,3788,2004/04,4,April,2004
Delaware,494,0,16,81,61136,0,1400,2705,2004/04,4,April,2004
North Dakota,302,6,8,353,42939,365,1273,15043,2004/04,4,April,2004
California,14254,148,607,3516,2875156,16531,58620,297379,2004/04,4,April,2004
Pennsylvania,4859,86,75,306,701210,5844,5160,18368,2004/04,4,April,2004
Florida,15923,424,520,4493,2462529,39908,67958,442814,2004/04,4,April,2004
Kentucky,1477,68,73,154,193061,4279,2887,7593,2004/04,4,April,2004
Rhode Island,185,4,0,198,31614,264,0,10864,2004/04,4,April,2004
Nebraska,910,26,0,149,119529,2343,0,8080,2004/04,4,April,2004
Missouri,2174,182,70,466,321714,15668,4849,25574,2004/04,4,April,2004
Ohio,4213,178,200,697,720891,19243,16564,32486,2004/04,4,April,2004
Alabama,2349,24,8,212,279118,1618,588,12448,2004/04,4,April,2004
South Dakota,593,30,11,5,81401,3280,1680,247,2004/04,4,April,2004
Alaska,250,54,16,102,45414,5601,1522,8548,2004/04,4,April,2004
Colorado,3671,54,71,465,695213,7259,7369,35860,2004/04,4,April,2004
Idaho,1227,40,106,38,195752,2800,5303,1979,2004/04,4,April,2004
New Jersey,2048,232,91,758,292460,19381,5843,55885,2004/04,4,April,2004
Washington,3297,178,130,482,557025,16833,13463,37515,2004/04,4,April,2004
North Carolina,6977,102,75,1179,1032889,7328,3635,75037,2004/04,4,April,2004
Maine,911,40,6,17,115294,2413,519,1389,2004/04,4,April,2004
New York,2394,482,341,1251,410337,52071,27057,90449,2004/04,4,April,2004
Montana,219,110,16,74,32302,10546,1634,3743,2004/04,4,April,2004
Nevada,3713,2,411,180,462091,162,36728,13397,2004/04,4,April,2004
Hawaii,655,2,6,38,126924,238,700,3349,2004/04,4,April,2004
Mississippi,896,16,19,81,101667,940,1092,3380,2004/05,5,May,2004
Oklahoma,1145,32,0,59,167816,1954,0,4650,2004/05,5,May,2004
Minnesota,3213,68,115,730,517765,8194,13061,67228,2004/05,5,May,2004
Illinois,4058,170,230,933,737445,13116,16557,54322,2004/05,5,May,2004
Georgia,7346,80,79,2319,977360,8527,4113,148961,2004/05,5,May,2004
Arkansas,888,18,18,853,122093,1337,778,35785,2004/05,5,May,2004
New Mexico,1173,12,3,5,174050,928,87,160,2004/05,5,May,2004
Indiana,2962,124,55,382,457051,12129,4427,28662,2004/05,5,May,2004
Maryland,1915,4,0,146,271774,398,0,10467,2004/05,5,May,2004
Texas,12909,190,288,4462,1701195,12645,12179,268823,2004/05,5,May,2004
Wyoming,254,10,27,5,39326,1083,1997,216,2004/05,5,May,2004
Tennessee,3212,42,42,353,432960,3585,1722,19291,2004/05,5,May,2004
Iowa,1391,14,9,55,210779,1449,772,3412,2004/05,5,May,2004
Wisconsin,2702,140,104,324,439877,14449,9291,20128,2004/05,5,May,2004
Arizona,6849,72,37,166,1060837,5688,2622,12772,2004/05,5,May,2004
Louisiana,1626,250,13,82,190214,15959,707,7069,2004/05,5,May,2004
Michigan,4314,86,73,293,656285,9507,7549,17635,2004/05,5,May,2004
Kansas,904,28,17,101,135814,2541,1574,5980,2004/05,5,May,2004
Utah,1792,60,92,196,266445,4434,8703,11633,2004/05,5,May,2004
Virginia,4150,20,12,1097,578407,2006,952,79358,2004/05,5,May,2004
Oregon,1918,74,91,616,344282,6642,6903,45696,2004/05,5,May,2004
Connecticut,716,14,16,129,148277,974,1661,6460,2004/05,5,May,2004
District of Columbia,19,0,0,0,2597,0,0,0,2004/05,5,May,2004
New Hampshire,610,38,30,366,106898,3279,2755,33620,2004/05,5,May,2004
Massachusetts,1254,58,43,506,244052,5386,4159,44639,2004/05,5,May,2004
West Virginia,429,4,4,5,60292,368,180,204,2004/05,5,May,2004
South Carolina,3205,22,21,627,410461,1261,1771,43083,2004/05,5,May,2004
Vermont,289,56,7,45,39522,4299,660,3243,2004/05,5,May,2004
Delaware,679,0,0,71,81606,0,0,1395,2004/05,5,May,2004
North Dakota,277,2,20,198,37282,212,2487,10153,2004/05,5,May,2004
California,14221,198,384,3266,2823721,20967,37573,283423,2004/05,5,May,2004
Pennsylvania,3716,88,109,345,538283,6438,8866,19991,2004/05,5,May,2004
Florida,16196,332,438,5274,2460405,29470,56678,481824,2004/05,5,May,2004
Kentucky,1713,20,104,349,223092,965,4790,22365,2004/05,5,May,2004
Rhode Island,184,4,3,5,30944,153,290,267,2004/05,5,May,2004
Nebraska,956,24,3,147,124361,1907,300,8556,2004/05,5,May,2004
Missouri,2200,106,85,50,310008,7511,6371,2997,2004/05,5,May,2004
Ohio,3816,66,161,722,641848,5861,11402,30343,2004/05,5,May,2004
Alabama,2088,20,4,380,257075,1636,329,27371,2004/05,5,May,2004
South Dakota,374,2,11,188,51950,142,507,9031,2004/05,5,May,2004
Alaska,206,284,19,138,43000,43054,1471,13929,2004/05,5,May,2004
Colorado,3936,46,85,278,754124,4755,7228,21173,2004/05,5,May,2004
Idaho,1372,30,109,37,209311,2612,4992,1365,2004/05,5,May,2004
New Jersey,2005,248,109,548,279581,20373,9603,34879,2004/05,5,May,2004
Washington,3614,136,203,440,588507,12524,18381,34381,2004/05,5,May,2004
North Carolina,6664,114,136,1367,1011912,8650,5959,79534,2004/05,5,May,2004
Maine,810,10,27,127,110773,850,2080,9599,2004/05,5,May,2004
New York,2400,638,419,2051,439700,65108,34785,148442,2004/05,5,May,2004
Montana,221,28,62,5,33469,2603,5287,312,2004/05,5,May,2004
Nevada,4788,14,225,426,631786,1229,19142,53064,2004/05,5,May,2004
Hawaii,451,0,4,193,91779,0,467,17732,2004/05,5,May,2004
Mississippi,964,2,15,63,113126,109,745,2369,2004/06,6,June,2004
Oklahoma,1170,10,3,31,165890,704,130,1859,2004/06,6,June,2004
Minnesota,3489,92,96,781,579911,10189,8054,65091,2004/06,6,June,2004
Illinois,4491,126,297,706,802292,10607,25829,68700,2004/06,6,June,2004
Georgia,7844,68,76,122,1000106,7514,3908,5152,2004/06,6,June,2004
Arkansas,879,54,12,294,127969,3981,415,9791,2004/06,6,June,2004
New Mexico,1364,32,23,149,190806,2006,1111,5751,2004/06,6,June,2004
Indiana,3336,84,62,257,519990,7901,4079,14629,2004/06,6,June,2004
Maryland,2259,6,15,545,332213,364,1226,35622,2004/06,6,June,2004
Texas,13423,302,525,2469,1865168,18355,26358,124116,2004/06,6,June,2004
Wyoming,231,22,19,10,36899,1965,974,463,2004/06,6,June,2004
Tennessee,3410,52,63,359,465292,3015,3906,34096,2004/06,6,June,2004
Iowa,1303,64,87,120,204476,6365,6381,11624,2004/06,6,June,2004
Wisconsin,2950,170,54,483,487064,16175,4161,35313,2004/06,6,June,2004
Arizona,7532,44,207,255,1182888,3835,14454,19833,2004/06,6,June,2004
Louisiana,1689,12,14,241,205284,741,586,20419,2004/06,6,June,2004
Michigan,4319,58,68,267,666016,6016,6631,16139,2004/06,6,June,2004
Kansas,995,56,3,43,159092,5334,295,3272,2004/06,6,June,2004
Utah,1895,26,120,392,298961,3614,11163,32646,2004/06,6,June,2004
Virginia,4427,166,55,1385,642173,12267,4302,81807,2004/06,6,June,2004
Oregon,2079,100,65,429,383171,9963,5506,37118,2004/06,6,June,2004
Connecticut,906,12,7,328,202753,498,375,13821,2004/06,6,June,2004
District of Columbia,2,0,0,12,1166,0,0,737,2004/06,6,June,2004
New Hampshire,639,16,25,146,106156,2313,2733,9138,2004/06,6,June,2004
Massachusetts,1427,126,84,419,279719,11330,7696,37899,2004/06,6,June,2004
West Virginia,531,30,4,5,70912,2968,180,226,2004/06,6,June,2004
South Carolina,3158,26,77,569,456826,1843,5253,52251,2004/06,6,June,2004
Vermont,381,24,10,10,55098,1924,836,670,2004/06,6,June,2004
Delaware,737,2,0,98,85096,64,0,4081,2004/06,6,June,2004
North Dakota,350,2,8,163,46449,150,1254,8895,2004/06,6,June,2004
California,14090,268,379,5076,2808674,27962,34099,537249,2004/06,6,June,2004
Pennsylvania,4262,62,245,480,600423,5869,18223,29229,2004/06,6,June,2004
Florida,18002,260,388,3971,2686110,19944,48742,331924,2004/06,6,June,2004
Kentucky,1776,54,36,349,232618,3740,1049,19890,2004/06,6,June,2004
Rhode Island,189,4,3,10,37351,128,97,544,2004/06,6,June,2004
Nebraska,880,10,0,53,121547,1005,0,2927,2004/06,6,June,2004
Missouri,2243,86,97,279,331787,6595,7618,13069,2004/06,6,June,2004
Ohio,4122,76,196,440,701434,7490,43584,30193,2004/06,6,June,2004
Alabama,2207,10,7,583,268062,547,341,36168,2004/06,6,June,2004
South Dakota,416,12,0,16,52459,1184,0,650,2004/06,6,June,2004
Alaska,220,44,3,38,44875,7017,293,4712,2004/06,6,June,2004
Colorado,3605,38,64,800,709105,3736,7040,73535,2004/06,6,June,2004
Idaho,1563,60,121,60,246210,5056,6171,3655,2004/06,6,June,2004
New Jersey,2108,274,131,676,298842,21136,9564,45955,2004/06,6,June,2004
Washington,3918,186,147,553,659716,18843,16021,48443,2004/06,6,June,2004
North Carolina,7544,86,77,343,1101945,6386,5795,34468,2004/06,6,June,2004
Maine,950,18,22,25,131896,1696,1883,2445,2004/06,6,June,2004
New York,2371,750,568,2942,425648,78672,47471,228408,2004/06,6,June,2004
Montana,227,32,47,5,36473,2985,2879,209,2004/06,6,June,2004
Nevada,4050,40,32,389,494778,3650,2161,22662,2004/06,6,June,2004
Hawaii,532,0,0,492,134529,0,0,89816,2004/06,6,June,2004
Mississippi,1018,70,94,140,121224,5028,2763,7801,2004/07,7,July,2004
Oklahoma,1130,20,0,26,164102,1339,0,1499,2004/07,7,July,2004
Minnesota,2990,34,57,572,500645,5112,7445,47390,2004/07,7,July,2004
Illinois,4413,296,236,870,782742,24433,19691,84383,2004/07,7,July,2004
Georgia,6844,82,211,2866,908925,9007,11877,173869,2004/07,7,July,2004
Arkansas,918,26,15,298,135820,1480,750,11861,2004/07,7,July,2004
New Mexico,1041,2,3,0,148351,95,132,100,2004/07,7,July,2004
Indiana,2970,110,58,217,474662,10891,4612,10433,2004/07,7,July,2004
Maryland,1804,10,20,310,251590,598,1657,21036,2004/07,7,July,2004
Texas,12472,218,216,2332,1690394,15223,11150,128060,2004/07,7,July,2004
Wyoming,306,8,6,77,48734,783,980,4808,2004/07,7,July,2004
Tennessee,3399,248,56,195,468760,21317,2505,9076,2004/07,7,July,2004
Iowa,1109,16,30,153,159120,1734,1808,8656,2004/07,7,July,2004
Wisconsin,2689,186,127,537,436879,20669,13921,34623,2004/07,7,July,2004
Arizona,8374,76,104,981,1295744,5663,7473,71562,2004/07,7,July,2004
Louisiana,1574,28,7,21,203390,1888,248,1013,2004/07,7,July,2004
Michigan,4410,50,90,706,661159,4461,8928,49378,2004/07,7,July,2004
Kansas,879,30,61,120,147963,2836,5832,3552,2004/07,7,July,2004
Utah,1819,138,120,121,275255,12526,12026,10786,2004/07,7,July,2004
Virginia,4102,52,85,1410,594871,4360,5457,64952,2004/07,7,July,2004
Oregon,1918,136,77,946,375375,12281,7624,72910,2004/07,7,July,2004
Connecticut,906,24,70,116,186191,1484,13226,5999,2004/07,7,July,2004
District of Columbia,18,0,0,6,1467,0,0,480,2004/07,7,July,2004
New Hampshire,682,16,33,45,121547,1952,3628,2204,2004/07,7,July,2004
Massachusetts,1327,96,82,328,258309,9671,7722,44543,2004/07,7,July,2004
West Virginia,532,26,4,5,69585,1735,180,204,2004/07,7,July,2004
South Carolina,2966,20,36,637,404980,1270,2470,40607,2004/07,7,July,2004
Vermont,257,16,6,60,37502,1467,694,8037,2004/07,7,July,2004
Delaware,680,4,7,84,79409,235,524,2633,2004/07,7,July,2004
North Dakota,249,0,8,128,35047,0,1043,7483,2004/07,7,July,2004
California,12822,180,379,3567,2607408,18672,36599,358837,2004/07,7,July,2004
Pennsylvania,3099,68,189,795,475502,6162,16739,82905,2004/07,7,July,2004
Florida,17186,214,230,4924,2715358,26666,31013,550882,2004/07,7,July,2004
Kentucky,1552,40,53,303,202094,2342,2106,19093,2004/07,7,July,2004
Rhode Island,173,4,0,10,29244,128,0,544,2004/07,7,July,2004
Nebraska,739,14,0,74,100543,1314,0,4155,2004/07,7,July,2004
Missouri,2106,72,82,63,311484,6228,3618,5134,2004/07,7,July,2004
Ohio,3657,74,199,252,612761,6863,18586,16730,2004/07,7,July,2004
Alabama,2128,28,16,348,269613,2456,2000,53122,2004/07,7,July,2004
South Dakota,431,28,19,192,56842,2732,1178,11033,2004/07,7,July,2004
Alaska,209,30,24,24,39795,3998,3468,739,2004/07,7,July,2004
Colorado,3383,196,84,275,653990,19312,7458,22806,2004/07,7,July,2004
Idaho,1388,22,203,97,231157,1916,11661,5443,2004/07,7,July,2004
New Jersey,1855,280,167,580,273062,25520,12404,40097,2004/07,7,July,2004
Washington,3346,132,114,690,560925,13895,11597,58486,2004/07,7,July,2004
North Carolina,6746,142,169,1928,1024552,10383,16483,124059,2004/07,7,July,2004
Maine,661,20,18,21,90857,1881,1530,2301,2004/07,7,July,2004
New York,2320,720,703,1813,428697,75836,59313,177998,2004/07,7,July,2004
Montana,237,24,90,118,33371,2670,4848,7028,2004/07,7,July,2004
Nevada,3505,14,137,146,443875,979,10197,7354,2004/07,7,July,2004
Hawaii,497,2,3,151,96511,203,400,36349,2004/07,7,July,2004
Mississippi,935,28,48,465,117038,1458,2587,27714,2004/08,8,August,2004
Oklahoma,1131,12,0,26,167567,960,0,1267,2004/08,8,August,2004
Minnesota,2995,66,75,939,514303,9454,9222,75241,2004/08,8,August,2004
Illinois,4889,110,208,927,824343,10927,19735,87083,2004/08,8,August,2004
Georgia,7712,64,148,1274,999201,7174,8049,87059,2004/08,8,August,2004
Arkansas,875,32,39,609,125191,2198,2459,35728,2004/08,8,August,2004
New Mexico,975,0,3,0,149306,0,132,0,2004/08,8,August,2004
Indiana,2912,88,76,266,461532,8267,5551,20971,2004/08,8,August,2004
Maryland,1914,6,15,783,296762,854,1271,50263,2004/08,8,August,2004
Texas,12742,204,314,2576,1706418,15583,13862,129103,2004/08,8,August,2004
Wyoming,217,4,41,10,50600,294,3667,463,2004/08,8,August,2004
Tennessee,3258,48,20,608,470447,2733,1050,29861,2004/08,8,August,2004
Iowa,1074,26,18,210,166111,2406,1269,13033,2004/08,8,August,2004
Wisconsin,2632,188,78,419,432312,18720,6905,29906,2004/08,8,August,2004
Arizona,7037,82,132,250,1123237,7479,10416,19327,2004/08,8,August,2004
Louisiana,1800,12,7,121,192903,621,427,6320,2004/08,8,August,2004
Michigan,4117,64,119,925,643021,5739,11004,61894,2004/08,8,August,2004
Kansas,965,24,18,33,144365,2075,1817,2275,2004/08,8,August,2004
Utah,2268,32,73,176,321941,3781,6845,15443,2004/08,8,August,2004
Virginia,4393,40,60,488,641582,3891,5269,26143,2004/08,8,August,2004
Oregon,2141,78,112,654,401075,7880,10445,12041,2004/08,8,August,2004
Connecticut,903,16,47,112,184456,1156,4266,8204,2004/08,8,August,2004
District of Columbia,19,0,0,145,2670,0,0,21434,2004/08,8,August,2004
New Hampshire,560,24,19,73,103860,2709,1707,6450,2004/08,8,August,2004
Massachusetts,1279,116,69,474,278459,11829,6159,70416,2004/08,8,August,2004
West Virginia,414,4,3,15,62059,155,135,663,2004/08,8,August,2004
South Carolina,3123,20,41,255,428466,1766,2770,44677,2004/08,8,August,2004
Vermont,226,14,6,20,33806,1342,549,1563,2004/08,8,August,2004
Delaware,739,0,0,65,87280,0,0,3320,2004/08,8,August,2004
North Dakota,266,2,4,103,35420,313,592,5173,2004/08,8,August,2004
California,13411,182,385,4031,2674498,19403,39961,348855,2004/08,8,August,2004
Pennsylvania,2835,48,97,396,437905,3704,10280,17224,2004/08,8,August,2004
Florida,15029,160,169,4670,2207750,13026,22426,433227,2004/08,8,August,2004
Kentucky,1639,30,69,635,209914,1775,4345,30666,2004/08,8,August,2004
Rhode Island,193,8,3,63,29162,633,290,3063,2004/08,8,August,2004
Nebraska,867,10,7,198,113726,1050,1121,13302,2004/08,8,August,2004
Missouri,2150,92,72,251,316681,7571,6197,20542,2004/08,8,August,2004
Ohio,3913,72,151,390,664935,6051,13748,31840,2004/08,8,August,2004
Alabama,2082,14,0,183,249899,685,0,13119,2004/08,8,August,2004
South Dakota,401,8,7,81,35554,632,478,7581,2004/08,8,August,2004
Alaska,198,20,28,15,41189,2162,3434,2350,2004/08,8,August,2004
Colorado,3243,56,145,421,616293,6911,14994,35155,2004/08,8,August,2004
Idaho,1293,24,154,45,218134,2318,8849,2176,2004/08,8,August,2004
New Jersey,2089,248,127,467,302803,24654,9148,32754,2004/08,8,August,2004
Washington,3069,106,127,834,514494,10409,10219,60893,2004/08,8,August,2004
North Carolina,6942,64,85,1039,1056302,5014,4967,60706,2004/08,8,August,2004
Maine,631,16,26,21,93579,1405,3345,1651,2004/08,8,August,2004
New York,2374,788,390,1573,470229,68240,28844,104075,2004/08,8,August,2004
Montana,209,16,53,149,28046,1183,5035,8510,2004/08,8,August,2004
Nevada,2831,2,0,71,469165,209,0,5506,2004/08,8,August,2004
Hawaii,555,4,28,168,125453,405,4623,27175,2004/08,8,August,2004
Mississippi,945,6,4,147,114752,323,87,6890,2004/09,9,September,2004
Oklahoma,1239,60,44,60,175454,4397,3100,3123,2004/09,9,September,2004
Minnesota,3008,50,103,1080,498546,6173,10243,79822,2004/09,9,September,2004
Illinois,4242,64,218,1615,761926,6240,15855,115188,2004/09,9,September,2004
Georgia,7679,44,60,732,972322,5811,4974,37193,2004/09,9,September,2004
Arkansas,951,22,35,346,136349,1228,4588,12791,2004/09,9,September,2004
New Mexico,1156,0,11,22,172513,0,518,2520,2004/09,9,September,2004
Indiana,2757,112,88,433,438257,10540,6537,23699,2004/09,9,September,2004
Maryland,1739,20,19,795,249702,1311,1743,84994,2004/09,9,September,2004
Texas,11482,218,76,3038,1539332,10767,2370,163908,2004/09,9,September,2004
Wyoming,264,2,43,10,48690,130,3338,463,2004/09,9,September,2004
Tennessee,3034,20,30,547,448419,1378,1753,29332,2004/09,9,September,2004
Iowa,1047,64,43,252,159968,6576,3159,14075,2004/09,9,September,2004
Wisconsin,2635,150,121,791,427590,16255,10794,64429,2004/09,9,September,2004
Arizona,6469,88,65,485,988961,6184,5403,31195,2004/09,9,September,2004
Louisiana,1597,26,14,47,179444,1481,745,2715,2004/09,9,September,2004
Michigan,4361,46,96,647,646996,4504,9322,45273,2004/09,9,September,2004
Kansas,976,24,11,184,152732,1801,1547,7509,2004/09,9,September,2004
Utah,1804,46,80,231,276046,4324,7113,16960,2004/09,9,September,2004
Virginia,4494,30,110,861,655360,2473,7825,48846,2004/09,9,September,2004
Oregon,1988,80,37,189,387521,7909,3637,13752,2004/09,9,September,2004
Connecticut,832,26,3,252,164086,2849,288,16119,2004/09,9,September,2004
District of Columbia,0,0,0,147,0,0,0,9738,2004/09,9,September,2004
New Hampshire,546,98,23,181,94087,8211,2281,12114,2004/09,9,September,2004
Massachusetts,1216,54,47,470,250698,5810,3891,42497,2004/09,9,September,2004
West Virginia,382,22,3,56,55180,1176,135,2626,2004/09,9,September,2004
South Carolina,2967,14,67,675,414542,856,4851,37552,2004/09,9,September,2004
Vermont,218,10,12,99,32318,878,953,8251,2004/09,9,September,2004
Delaware,577,18,4,149,68261,1303,299,7252,2004/09,9,September,2004
North Dakota,227,2,20,137,33448,252,2146,6818,2004/09,9,September,2004
California,12518,152,281,4566,2555015,21860,31928,371493,2004/09,9,September,2004
Pennsylvania,2711,28,148,1090,406729,2321,8919,71849,2004/09,9,September,2004
Florida,13079,166,271,4079,2003551,12080,27061,366271,2004/09,9,September,2004
Kentucky,1527,18,44,293,196397,1136,1798,16584,2004/09,9,September,2004
Rhode Island,176,4,0,85,29593,244,0,5008,2004/09,9,September,2004
Nebraska,726,20,3,58,91368,1918,83,2933,2004/09,9,September,2004
Missouri,1974,236,197,820,288023,20199,16454,62395,2004/09,9,September,2004
Ohio,3622,62,212,1150,609692,5924,16364,54517,2004/09,9,September,2004
Alabama,1860,22,24,302,224904,949,2120,25303,2004/09,9,September,2004
South Dakota,313,28,21,24,38990,2761,1711,2414,2004/09,9,September,2004
Alaska,172,52,0,107,34501,7267,0,14586,2004/09,9,September,2004
Colorado,3676,46,104,593,728131,6069,9639,46163,2004/09,9,September,2004
Idaho,1357,16,108,84,210602,1569,5231,14689,2004/09,9,September,2004
New Jersey,1920,220,84,931,289534,17692,4459,39992,2004/09,9,September,2004
Washington,3313,112,152,1518,549689,11893,15338,126201,2004/09,9,September,2004
North Carolina,5834,50,84,1054,919625,3787,6139,58600,2004/09,9,September,2004
Maine,753,22,14,15,109877,1958,1547,967,2004/09,9,September,2004
New York,2098,432,425,1542,394543,45163,35743,114114,2004/09,9,September,2004
Montana,230,28,44,193,35680,2256,4166,15978,2004/09,9,September,2004
Nevada,2875,0,143,566,386232,0,10536,22027,2004/09,9,September,2004
Hawaii,477,0,8,90,99608,0,786,7093,2004/09,9,September,2004
Mississippi,839,6,0,790,106591,333,0,29361,2004/10,10,October,2004
Oklahoma,1047,4,7,91,148795,309,533,4973,2004/10,10,October,2004
Minnesota,2921,70,122,1092,486987,8264,15590,123246,2004/10,10,October,2004
Illinois,3839,170,305,1215,717509,16448,25051,96315,2004/10,10,October,2004
Georgia,6331,82,115,1839,829744,8373,4928,113534,2004/10,10,October,2004
Arkansas,780,50,111,315,119492,3649,7808,17112,2004/10,10,October,2004
New Mexico,1019,6,22,46,156831,344,923,1769,2004/10,10,October,2004
Indiana,2742,202,95,427,438363,16279,6938,24978,2004/10,10,October,2004
Maryland,2069,6,14,594,297305,598,1093,39529,2004/10,10,October,2004
Texas,11223,450,258,2621,1497391,28115,10350,142575,2004/10,10,October,2004
Wyoming,194,4,18,17,30503,326,1602,936,2004/10,10,October,2004
Tennessee,2911,38,24,309,412815,3487,793,26473,2004/10,10,October,2004
Iowa,1084,38,61,328,170557,3792,2965,16583,2004/10,10,October,2004
Wisconsin,2504,244,181,743,419280,23832,15926,42600,2004/10,10,October,2004
Arizona,6123,52,42,788,982613,4516,3339,60134,2004/10,10,October,2004
Louisiana,1506,60,122,123,189024,4089,6650,7009,2004/10,10,October,2004
Michigan,4011,80,121,912,615921,6801,11490,57570,2004/10,10,October,2004
Kansas,716,42,13,16,120210,3637,1211,553,2004/10,10,October,2004
Utah,1725,6,73,201,260002,595,7805,16483,2004/10,10,October,2004
Virginia,3913,14,26,1380,574045,1460,1956,69648,2004/10,10,October,2004
Oregon,1638,46,109,637,299662,5109,9096,47733,2004/10,10,October,2004
Connecticut,764,16,3,124,152395,1426,288,6411,2004/10,10,October,2004
District of Columbia,9,0,0,206,2363,0,0,13646,2004/10,10,October,2004
New Hampshire,652,30,24,74,109987,3356,2029,5416,2004/10,10,October,2004
Massachusetts,1099,98,82,480,211676,9324,7679,38269,2004/10,10,October,2004
West Virginia,371,6,7,17,55791,458,400,1132,2004/10,10,October,2004
South Carolina,2626,36,74,483,374777,2268,4612,28117,2004/10,10,October,2004
Vermont,205,20,4,20,27876,1924,443,1548,2004/10,10,October,2004
Delaware,690,0,0,99,77163,0,0,2856,2004/10,10,October,2004
North Dakota,228,4,18,70,37656,491,1603,4808,2004/10,10,October,2004
California,11704,244,325,4368,2417335,23082,33389,431414,2004/10,10,October,2004
Pennsylvania,2655,52,175,245,425195,4395,12263,14562,2004/10,10,October,2004
Florida,14726,222,217,7574,2361204,18707,22430,693174,2004/10,10,October,2004
Kentucky,1548,16,58,363,206127,945,2429,12467,2004/10,10,October,2004
Rhode Island,136,6,6,8,22956,389,590,914,2004/10,10,October,2004
Nebraska,785,72,0,78,108063,6128,0,4286,2004/10,10,October,2004
Missouri,1964,116,111,145,286486,10090,8326,6779,2004/10,10,October,2004
Ohio,3376,218,163,638,578130,22614,13071,28943,2004/10,10,October,2004
Alabama,1688,12,0,141,200436,1056,0,14971,2004/10,10,October,2004
South Dakota,450,6,14,24,57488,803,679,1904,2004/10,10,October,2004
Alaska,98,24,18,52,19683,3488,1275,5993,2004/10,10,October,2004
Colorado,2833,30,72,351,549700,2486,7939,29224,2004/10,10,October,2004
Idaho,1275,26,73,46,190428,2432,2730,2874,2004/10,10,October,2004
New Jersey,1747,288,111,477,263415,27540,7624,30534,2004/10,10,October,2004
Washington,3140,56,102,968,517874,5343,9261,80129,2004/10,10,October,2004
North Carolina,5918,52,39,591,886885,4895,1694,40330,2004/10,10,October,2004
Maine,615,22,13,48,88850,2492,1226,4625,2004/10,10,October,2004
New York,2028,508,601,1694,389404,52882,50782,126190,2004/10,10,October,2004
Montana,169,32,91,64,24853,4064,5680,4143,2004/10,10,October,2004
Nevada,2114,4,60,296,294699,495,4179,16815,2004/10,10,October,2004
Hawaii,475,14,96,107,96892,1419,8819,21093,2004/10,10,October,2004
Mississippi,696,4,20,197,85625,185,1196,8777,2004/11,11,November,2004
Oklahoma,892,18,0,355,125170,1232,0,17926,2004/11,11,November,2004
Minnesota,2254,32,69,590,396598,3760,3979,65841,2004/11,11,November,2004
Illinois,3331,112,234,808,644986,10664,18569,82656,2004/11,11,November,2004
Georgia,5555,64,85,3620,772735,3628,4487,300017,2004/11,11,November,2004
Arkansas,671,12,19,132,97546,753,1111,4976,2004/11,11,November,2004
New Mexico,916,24,9,78,137276,1504,598,2990,2004/11,11,November,2004
Indiana,2704,116,74,185,448897,11493,10529,10651,2004/11,11,November,2004
Maryland,1726,76,7,630,255660,4190,524,41669,2004/11,11,November,2004
Texas,9544,138,151,2216,1312432,10166,9499,119197,2004/11,11,November,2004
Wyoming,179,4,16,12,26637,310,1498,575,2004/11,11,November,2004
Tennessee,2644,40,138,125,374706,5993,6505,8349,2004/11,11,November,2004
Iowa,1015,26,34,266,158011,3193,2378,21529,2004/11,11,November,2004
Wisconsin,2155,174,132,404,385540,17754,15227,28201,2004/11,11,November,2004
Arizona,5399,62,69,191,949420,4604,5037,11314,2004/11,11,November,2004
Louisiana,1443,84,16,232,176764,3819,857,12261,2004/11,11,November,2004
Michigan,3282,70,42,747,511429,6403,4575,60068,2004/11,11,November,2004
Kansas,729,90,4,72,116926,9008,300,3233,2004/11,11,November,2004
Utah,1657,30,89,320,242722,3673,7773,23057,2004/11,11,November,2004
Virginia,3249,44,96,577,480303,3448,8351,35824,2004/11,11,November,2004
Oregon,1462,74,36,77,283620,7411,2920,7067,2004/11,11,November,2004
Connecticut,1029,26,7,423,194734,2366,654,50620,2004/11,11,November,2004
District of Columbia,8,0,0,15,1070,0,0,1000,2004/11,11,November,2004
New Hampshire,478,16,18,94,88898,1613,1665,4583,2004/11,11,November,2004
Massachusetts,1089,78,88,718,230374,7727,7913,60969,2004/11,11,November,2004
West Virginia,346,8,0,0,45760,443,0,0,2004/11,11,November,2004
South Carolina,2743,34,35,530,372195,2037,2480,31192,2004/11,11,November,2004
Vermont,174,18,28,13,25015,1338,2535,1430,2004/11,11,November,2004
Delaware,606,0,0,6,73108,0,0,96,2004/11,11,November,2004
North Dakota,109,2,4,30,17888,305,566,2593,2004/11,11,November,2004
California,10962,214,544,5713,2243652,20576,58942,492342,2004/11,11,November,2004
Pennsylvania,2595,24,102,257,395704,2179,10373,15922,2004/11,11,November,2004
Florida,13048,206,348,3875,2123659,20276,29643,415118,2004/11,11,November,2004
Kentucky,1188,44,17,355,153639,2989,1782,22649,2004/11,11,November,2004
Rhode Island,152,20,0,52,26378,1715,0,4696,2004/11,11,November,2004
Nebraska,640,16,15,298,98244,1217,1284,18674,2004/11,11,November,2004
Missouri,1550,68,183,318,235928,5318,14194,17990,2004/11,11,November,2004
Ohio,2899,138,235,963,487312,13294,13728,52307,2004/11,11,November,2004
Alabama,1723,14,3,114,215151,992,430,12252,2004/11,11,November,2004
South Dakota,408,10,15,27,56425,1027,1292,2354,2004/11,11,November,2004
Alaska,83,20,0,36,15998,2957,0,4662,2004/11,11,November,2004
Colorado,2345,36,39,219,434976,5489,3878,18790,2004/11,11,November,2004
Idaho,1143,74,76,58,184844,8837,4626,3505,2004/11,11,November,2004
New Jersey,1717,326,91,552,268385,28164,5256,38736,2004/11,11,November,2004
Washington,2568,108,54,895,430232,11222,4792,79474,2004/11,11,November,2004
North Carolina,5425,124,66,1280,866202,10761,3084,83092,2004/11,11,November,2004
Maine,595,16,13,61,86030,1325,1080,4268,2004/11,11,November,2004
New York,1912,352,464,2778,359398,40005,41124,184885,2004/11,11,November,2004
Montana,202,28,84,121,25388,3382,3975,7449,2004/11,11,November,2004
Nevada,2480,0,49,135,330784,0,3096,8251,2004/11,11,November,2004
Hawaii,295,0,4,378,63029,0,367,29708,2004/11,11,November,2004
Mississippi,702,4,16,106,84263,110,1197,5331,2004/12,12,December,2004
Oklahoma,1117,10,84,284,159515,669,2205,13399,2004/12,12,December,2004
Minnesota,1978,22,119,1134,359517,3168,14345,111250,2004/12,12,December,2004
Illinois,2717,118,369,954,538860,11337,31216,84159,2004/12,12,December,2004
Georgia,6197,74,97,1891,858684,4770,6329,108083,2004/12,12,December,2004
Arkansas,728,74,82,517,110370,6948,5310,23611,2004/12,12,December,2004
New Mexico,855,2,81,81,131298,117,4425,4516,2004/12,12,December,2004
Indiana,2056,100,103,751,338457,9990,9393,49042,2004/12,12,December,2004
Maryland,1654,6,7,422,245618,829,524,27457,2004/12,12,December,2004
Texas,10070,168,186,1724,1414618,10467,10925,115218,2004/12,12,December,2004
Wyoming,163,4,18,16,21657,330,1602,784,2004/12,12,December,2004
Tennessee,2739,28,88,699,344791,1518,3232,41939,2004/12,12,December,2004
Iowa,708,18,13,60,109007,2221,1288,5047,2004/12,12,December,2004
Wisconsin,1701,152,71,441,292468,14545,6639,58694,2004/12,12,December,2004
Arizona,5535,26,95,1222,912625,2315,8417,94725,2004/12,12,December,2004
Louisiana,1330,28,12,181,181466,1964,707,10927,2004/12,12,December,2004
Michigan,2558,38,70,179,394001,2982,7459,17310,2004/12,12,December,2004
Kansas,789,140,49,64,132805,10491,4714,2846,2004/12,12,December,2004
Utah,1308,22,30,92,211340,2231,3525,6641,2004/12,12,December,2004
Virginia,3488,58,50,774,524022,4113,3390,56744,2004/12,12,December,2004
Oregon,1685,48,300,164,309321,4903,23599,14059,2004/12,12,December,2004
Connecticut,635,12,4,248,134923,591,100,15366,2004/12,12,December,2004
District of Columbia,6,0,0,103,664,0,0,9498,2004/12,12,December,2004
New Hampshire,431,16,13,34,80211,1538,1575,1767,2004/12,12,December,2004
Massachusetts,1050,226,38,1037,234545,20417,4036,92699,2004/12,12,December,2004
West Virginia,312,6,4,5,50809,509,180,226,2004/12,12,December,2004
South Carolina,2718,6,118,1274,385199,373,12345,99387,2004/12,12,December,2004
Vermont,148,8,8,6,21665,662,800,808,2004/12,12,December,2004
Delaware,556,0,0,61,61547,0,0,1193,2004/12,12,December,2004
North Dakota,105,2,4,22,21130,240,338,1524,2004/12,12,December,2004
California,10836,130,315,6555,2231921,15137,31085,567556,2004/12,12,December,2004
Pennsylvania,2200,38,95,464,364181,3081,8335,29074,2004/12,12,December,2004
Florida,13750,172,291,4761,2263055,13136,39388,513691,2004/12,12,December,2004
Kentucky,1027,22,31,281,131841,1274,1955,15180,2004/12,12,December,2004
Rhode Island,134,4,7,15,23848,224,551,664,2004/12,12,December,2004
Nebraska,599,6,0,213,89740,512,0,9216,2004/12,12,December,2004
Missouri,1888,150,83,251,287472,10723,4876,17222,2004/12,12,December,2004
Ohio,2408,84,288,222,435998,6134,21345,10037,2004/12,12,December,2004
Alabama,2104,0,3,431,272862,0,162,56240,2004/12,12,December,2004
South Dakota,224,6,3,73,29403,495,158,5163,2004/12,12,December,2004
Alaska,79,24,8,102,13978,3218,761,12168,2004/12,12,December,2004
Colorado,2726,36,95,765,487667,3793,9648,62120,2004/12,12,December,2004
Idaho,1171,26,37,90,188216,2660,2067,4618,2004/12,12,December,2004
New Jersey,1709,308,213,901,271011,25539,15013,70655,2004/12,12,December,2004
Washington,2493,110,124,1241,428432,10510,11968,100621,2004/12,12,December,2004
North Carolina,5735,90,42,1020,899958,7775,6362,62823,2004/12,12,December,2004
Maine,582,14,10,19,90984,1194,867,1796,2004/12,12,December,2004
New York,2003,340,545,1934,375338,28802,40727,123357,2004/12,12,December,2004
Montana,188,12,40,112,26884,1030,3082,9026,2004/12,12,December,2004
Nevada,2461,0,49,170,326814,0,3019,7748,2004/12,12,December,2004
Hawaii,350,6,20,138,76645,608,948,10241,2004/12,12,December,2004
Mississippi,832,16,15,15,97865,1081,905,499,2005/01,1,January,2005
Oklahoma,944,18,0,499,141974,1081,0,32434,2005/01,1,January,2005
Minnesota,1062,10,18,304,219858,1246,2861,29642,2005/01,1,January,2005
Illinois,2176,38,184,622,428661,4211,16774,44488,2005/01,1,January,2005
Georgia,6782,36,34,582,926099,2687,1860,30812,2005/01,1,January,2005
Arkansas,813,50,21,518,123796,4394,950,27387,2005/01,1,January,2005
New Mexico,881,30,36,123,129325,2040,2531,5452,2005/01,1,January,2005
Indiana,1511,48,62,372,248366,4580,3802,19034,2005/01,1,January,2005
Maryland,1343,10,13,183,220955,1426,1018,10651,2005/01,1,January,2005
Texas,10880,152,264,4551,1555708,11105,13262,247924,2005/01,1,January,2005
Wyoming,119,6,11,10,17114,698,1248,519,2005/01,1,January,2005
Tennessee,2839,68,21,398,392959,3266,2120,25064,2005/01,1,January,2005
Iowa,433,4,7,95,68810,203,581,7342,2005/01,1,January,2005
Wisconsin,1158,32,26,554,204243,3001,2735,48098,2005/01,1,January,2005
Arizona,5475,34,81,514,880113,3298,7323,42187,2005/01,1,January,2005
Louisiana,1955,18,0,100,235244,1199,0,3637,2005/01,1,January,2005
Michigan,2107,24,66,323,327524,2257,7603,18840,2005/01,1,January,2005
Kansas,507,12,16,58,88295,1465,1361,2475,2005/01,1,January,2005
Utah,1497,14,26,470,216726,1679,2769,38122,2005/01,1,January,2005
Virginia,3273,14,67,496,506914,1127,4832,32121,2005/01,1,January,2005
Oregon,1653,76,140,227,298845,8375,12188,15919,2005/01,1,January,2005
Connecticut,443,8,12,188,93856,488,1022,11871,2005/01,1,January,2005
District of Columbia,7,0,4,126,2026,0,201,8346,2005/01,1,January,2005
New Hampshire,371,36,3,87,65597,3450,219,8422,2005/01,1,January,2005
Massachusetts,811,60,47,626,171156,6027,4183,58138,2005/01,1,January,2005
West Virginia,356,2,3,94,51071,59,135,6130,2005/01,1,January,2005
South Carolina,2937,26,40,1003,405691,1865,3444,89608,2005/01,1,January,2005
Vermont,87,8,3,11,14148,688,364,759,2005/01,1,January,2005
Delaware,562,0,0,10,64735,0,0,160,2005/01,1,January,2005
North Dakota,10,0,3,11,1764,0,351,1221,2005/01,1,January,2005
California,9564,124,158,4232,1909430,13313,15455,386905,2005/01,1,January,2005
